StartDate,EndDate,Status,IPAddress,Progress,Duration (in seconds),Finished,RecordedDate,ResponseId,RecipientLastName,RecipientFirstName,RecipientEmail,ExternalReference,LocationLatitude,LocationLongitude,DistributionChannel,UserLanguage,Q2,Q3,Q4,Q5_1,Q5_2,Q5_3,Q5_4,Q5_5,Q5_6,Q5_7,Q5_8,Q6_1,Q6_2,Q6_3,Q6_4,Q6_5,Q6_6,Q6_7,Q6_8,Q7_1,Q7_2,Q7_3,Q7_4,Q7_5,Q7_6,Q7_7,Q7_8,Q8,Q8_16_TEXT,Q9,Q9_22_TEXT,Q10,Q10_20_TEXT,Q11,Q11_17_TEXT,Q12,Q12_14_TEXT,Q13,Q13_17_TEXT,Q14,Q14_7_TEXT,Q15,Q16,Q17,Q18,Q18_11_TEXT,Q19,Q19_14_TEXT,Q20_15,Q20_16,Q20_17,Q20_18,Q20_19,Q20_20,Q20_21,Q20_22,Q20_23,Q20_25,Q22_1,Q22_2,Q22_3,Q22_4,Q22_5,Q22_6,Q22_7,Q22_8,Q22_9,Q22_10,Q21_4,Q21_5,Q21_6,Q21_7,Q21_8,Q21_9,Q21_10,Q21_11,Q21_12,Q21_14,Q23_1,Q23_2,Q23_3,Q23_4,Q23_5,Q23_6,Q23_7,Q23_8,Q23_9,Q23_10,Q24,Q25,Q26,Q27_9,Q28,Q28_6_TEXT,Q29,Q30,Q30_33_TEXT,Q31_1,Q31_2,Q31_3,Q31_4,Q32,Q33,Q34,Q35_1,Q36,Q38
Start Date,End Date,Response Type,IP Address,Progress,Duration (in seconds),Finished,Recorded Date,Response ID,Recipient Last Name,Recipient First Name,Recipient Email,External Data Reference,Location Latitude,Location Longitude,Distribution Channel,User Language,"知情同意书：

	调查目的：了解中国研究者对开放科学的态度及实践情况。
	您需要做什么：本调查的形式为问卷调查。在调查中，需要您结合自身的实际情况，对问卷进行作答。具体如何进行作答，我们将在问卷前，以及每道题目的指导语中进行详细说明。
	所需时间：本问卷包括一些追问的项目，您最多需要回答37题，作答时间大约10-15分钟。
	风险：参加本次实验没有任何可预见的风险，但可能由于问卷题目而感到疲劳或者无聊。若谈及开放科学相关问题会令您感到不适，您可以放弃作答该问卷。
	收益：您的参与将帮助我们更好地了解国内开放科学的发展状况，也可以帮助您了解开放科学的一些知识。 此外，每有一份有效数据，我们将向腾讯公益的农村青少年抑郁症援助项目捐款0.5元。
	完整内容请见线上文档：https://docs.qq.com/doc/DSFNYS2RnWk5pcGF2","公开数据知情同意书：
       本次问卷调查由您作答，因此您是这些数据的直接拥有者。我们计划将本研究的数据上传至网络公共数据库，并予以完全公开。这样做的目的在于充分利用公共资金，其他研究者或许就无需再花费资源去收集类似数据。此举也将最大化您对科学研究和人类社会的贡献。

       请注意，公开本问卷调查数据意味着您所提供的信息将可能被未来的其他研究项目所使用，这些项目可能与本研究的主题相关，也可能完全无关。

       我们将确保共享的数据中不包含您的姓名或任何可以直接追溯到您的信息。此外，为了保护您的隐私，我们还将对其他可能的敏感信息进行保密处理，确保认识您的人无法通过这些数据猜测出您的身份。",您知道以下哪些研究实践？（勾选所有你知道的选项）,"您对下列研究实践的态度是？ - 1- 预注册（Study Preregistration）

（例如，在数据收集之前将研究设计、假设和分析计划等提交到特定的预注册平台）","您对下列研究实践的态度是？ - 2- 注册报告（Registered Reports）

（一种新的文章类型，期刊分两阶段进行审稿，第一阶段针对研究方案审稿并决定是否原则上接收，第二阶段针对最终结果审稿，主要考虑是否按照原计划进行）","您对下列研究实践的态度是？ - 3- 重复性研究（Replication Studies）

（对先前发表的研究进行重复、验证的研究）","您对下列研究实践的态度是？ - 4- 开放数据（Open Data）

（将研究数据在受认可的平台上发布，可以完全公开、部分公开或者受限访问）","您对下列研究实践的态度是？ - 5- 开放代码（Open Code）

（将研究中使用的代码，如统计分析代码，在受认可的平台上公开发布）","您对下列研究实践的态度是？ - 6- 预印本（Preprints）

（无论投稿与否，在完成文章的写作后，将研究论文公开发布到受认可的预出版平台，如arXiv、bioRxiv）","您对下列研究实践的态度是？ - 7- 开放获取（Open Access Publication）

（将经过同行评审的论文或其他出版物开放，任何人均可免费阅读和下载全文）","您对下列研究实践的态度是？ - 8- 开放式的同行评审（Open Peer Review）

（公开审稿人的审稿意见，通常还包括发布其余的同行评审资料，即作者的回复和编辑的建议）","您过去进行过下列哪些研究实践？ - 1- 预注册（Study Preregistration）

（例如，在数据收集之前将研究设计、假设和分析计划等提交到特定的预注册平台）","您过去进行过下列哪些研究实践？ - 2- 注册报告（Registered Reports）

（一种新的文章类型，期刊分两阶段进行审稿，第一阶段针对研究方案审稿并决定是否原则上接收，第二阶段针对最终结果审稿，主要考虑是否按照原计划进行）","您过去进行过下列哪些研究实践？ - 3- 重复性研究（Replication Studies）

（对先前发表的研究进行重复、验证的研究）","您过去进行过下列哪些研究实践？ - 4- 开放数据（Open Data）

（将研究数据在受认可的平台上发布，可以完全公开、部分公开或者受限访问）","您过去进行过下列哪些研究实践？ - 5- 开放代码（Open Code）

（将研究中使用的代码，如统计分析代码，在受认可的平台上公开发布）","您过去进行过下列哪些研究实践？ - 6- 预印本（Preprints）

（无论投稿与否，在完成文章的写作后，将研究论文公开发布到受认可的预出版平台，如arXiv、bioRxiv）","您过去进行过下列哪些研究实践？ - 7- 开放获取（Open Access Publication）

（将经过同行评审的论文或其他出版物开放，任何人均可免费阅读和下载全文）","您过去进行过下列哪些研究实践？ - 8- 开放式的同行评审（Open Peer Review）

（公开审稿人的审稿意见，通常还包括发布其余的同行评审资料，即作者的回复和编辑的建议）","您在不久的将来进行下列研究实践的概率是？ - 1- 预注册（Study Preregistration）

（例如，在数据收集之前将研究设计、假设和分析计划等提交到特定的预注册平台）","您在不久的将来进行下列研究实践的概率是？ - 2- 注册报告（Registered Reports）

（一种新的文章类型，期刊分两阶段进行审稿，第一阶段针对研究方案审稿并决定是否原则上接收，第二阶段针对最终结果审稿，主要考虑是否按照原计划进行）","您在不久的将来进行下列研究实践的概率是？ - 3- 重复性研究（Replication Studies）

（对先前发表的研究进行重复、验证的研究）","您在不久的将来进行下列研究实践的概率是？ - 4- 开放数据（Open Data）

（将研究数据在受认可的平台上发布，可以完全公开、部分公开或者受限访问）","您在不久的将来进行下列研究实践的概率是？ - 5- 开放代码（Open Code）

（将研究中使用的代码，如统计分析代码，在受认可的平台上公开发布）","您在不久的将来进行下列研究实践的概率是？ - 6- 预印本（Preprints）

（无论投稿与否，在完成文章的写作后，将研究论文公开发布到受认可的预出版平台，如arXiv、bioRxiv）","您在不久的将来进行下列研究实践的概率是？ - 7- 开放获取（Open Access Publication）

（将经过同行评审的论文或其他出版物开放，任何人均可免费阅读和下载全文）","您在不久的将来进行下列研究实践的概率是？ - 8- 开放式的同行评审（Open Peer Review）

（公开审稿人的审稿意见，通常还包括发布其余的同行评审资料，即作者的回复和编辑的建议）",下列哪些因素会影响您进行重复性研究的积极性 - Selected Choice,下列哪些因素会影响您进行重复性研究的积极性 - 11- 有其他障碍，比如____ - Text,下列哪些因素会影响您公开数据的积极性 - Selected Choice,下列哪些因素会影响您公开数据的积极性 - 17- 我有其他顾虑，比如____ - Text,下列哪些因素会影响您公开代码的积极性 - Selected Choice,下列哪些因素会影响您公开代码的积极性 - 14- 我有其他顾虑，比如____ - Text,下列哪些因素会影响您给开放同行评审的期刊投稿的积极性，或影响您参与到开放同行评审模式里的积极性 - Selected Choice,下列哪些因素会影响您给开放同行评审的期刊投稿的积极性，或影响您参与到开放同行评审模式里的积极性 - 14- 我有其他顾虑，比如____ - Text,下列哪些因素会影响您以注册报告形式投稿的积极性 - Selected Choice,下列哪些因素会影响您以注册报告形式投稿的积极性 - 9- 其他的因素，例如____ - Text,下列哪些因素会影响您上传或阅读他人预印本的积极性 - Selected Choice,下列哪些因素会影响您上传或阅读他人预印本的积极性 - 12- 我有其他顾虑，比如____ - Text,您通过何种渠道了解到上述研究实践 - Selected Choice,您通过何种渠道了解到上述研究实践 - 8- 其他： - Text,您在多大程度上愿意参加国际开放科学的合作，例如多实验室项目(ManyLab projects),本题请直接选择“非常不愿意”,您认为作为一个中国研究者，参与国际开放科学合作的难度是,您认为中国研究者参与国际开放科学和作困难的原因有哪些 - Selected Choice,您认为中国研究者参与国际开放科学和作困难的原因有哪些 - 11- 其他 - Text,您在获取文献的时候一般通过哪些渠道 - Selected Choice,您在获取文献的时候一般通过哪些渠道 - 10- 其他____ - Text,*从0%~100% - 1- 未报告那些没达到统计显著性（例如，p 值小于 0.05）的研究或关键变量。,*从0%~100% - 2- 先看结果是否具有统计显著性后，再决定收集更多的数据。,*从0%~100% - 3- 为了使关键变量达到统计显著性（例如，p 值小于 0.05），添加或删减协变量。,*从0%~100% - 4- 虽然进行了其他的分析但没有报告，而仅报告一部分结果并当为全部的分析内容。,*从0%~100% - 5- 把 p 值调整至预设阈值以内（例如，将 p = .054 报告为 p = .05）。,*从0%~100% - 6- 当最初选定的统计分析方法未能达到显著性时，转而采用其他统计分析方法，如从 logit模型改用 OLS（普通最小二乘法）。,*从0%~100% - 7- 先判断其对统计显著性的影响后，再决定剔除某些数据点，比如异常值。,*从0%~100% - 8- 将未预期的发现或探索性分析的结果报告为一开始就已预测的结果。,*从0%~100% - 9- 通过多重插补或均值替代等方式对缺失数据进行填充，但未报告有填充。,*从0%~100% - 10- 篡改研究数据（包括从篡改极少量的数据点到完全伪造数据的行为）,*我们将对您填写的信息完全保密，请放心填写 - 1- 未报告那些没达到统计显著性（例如，p 值小于 0.05）的研究或关键变量。,*我们将对您填写的信息完全保密，请放心填写 - 2- 先看结果是否具有统计显著性后，再决定收集更多的数据。,*我们将对您填写的信息完全保密，请放心填写 - 3- 为了使关键变量达到统计显著性（例如，p 值小于 0.05），添加或删减协变量。,*我们将对您填写的信息完全保密，请放心填写 - 4- 虽然进行了其他的分析但没有报告，而仅报告一部分结果并当为全部的分析内容。,*我们将对您填写的信息完全保密，请放心填写 - 5- 把 p 值调整至预设阈值以内（例如，将 p = .054 报告为 p = .05）。,*我们将对您填写的信息完全保密，请放心填写 - 6- 当最初选定的统计分析方法未能达到显著性时，转而采用其他统计分析方法，如从 logit模型改用 OLS（普通最小二乘法）。,*我们将对您填写的信息完全保密，请放心填写 - 7- 先判断其对统计显著性的影响后，再决定剔除某些数据点，比如异常值。,*我们将对您填写的信息完全保密，请放心填写 - 8- 将未预期的发现或探索性分析的结果报告为一开始就已预测的结果。,*我们将对您填写的信息完全保密，请放心填写 - 9- 通过多重插补或均值替代等方式对缺失数据进行填充，但未报告有填充。,*我们将对您填写的信息完全保密，请放心填写 - 10- 篡改研究数据（包括从篡改极少量的数据点到完全伪造数据的行为）,*从0%~100% - 1- 未报告那些没达到统计显著性（例如，p 值小于 0.05）的研究或关键变量。,*从0%~100% - 2- 先看结果是否具有统计显著性后，再决定收集更多的数据。,*从0%~100% - 3- 为了使关键变量达到统计显著性（例如，p 值小于 0.05），添加或删减协变量。,*从0%~100% - 4- 虽然进行了其他的分析但没有报告，而仅报告一部分结果并当为全部的分析内容。,*从0%~100% - 5- 把 p 值调整至预设阈值以内（例如，将 p = .054 报告为 p = .05）。,*从0%~100% - 6- 当最初选定的统计分析方法未能达到显著性时，转而采用其他统计分析方法，如从 logit模型改用 OLS（普通最小二乘法）。,*从0%~100% - 7- 先判断其对统计显著性的影响后，再决定剔除某些数据点，比如异常值。,*从0%~100% - 8- 将未预期的发现或探索性分析的结果报告为一开始就已预测的结果。,*从0%~100% - 9- 通过多重插补或均值替代等方式对缺失数据进行填充，但未报告有填充。,*从0%~100% - 10- 篡改研究数据（包括从篡改极少量的数据点到完全伪造数据的行为）,您认为该行为的可接受程度是 - 1- 未报告那些没达到统计显著性（例如，p 值小于 0.05）的研究或关键变量。,您认为该行为的可接受程度是 - 2- 先看结果是否具有统计显著性后，再决定收集更多的数据。,您认为该行为的可接受程度是 - 3- 为了使关键变量达到统计显著性（例如，p 值小于 0.05），添加或删减协变量。,您认为该行为的可接受程度是 - 4- 虽然进行了其他的分析但没有报告，而仅报告一部分结果并当为全部的分析内容。,您认为该行为的可接受程度是 - 5- 把 p 值调整至预设阈值以内（例如，将 p = .054 报告为 p = .05）。,您认为该行为的可接受程度是 - 6- 当最初选定的统计分析方法未能达到显著性时，转而采用其他统计分析方法，如从 logit模型改用 OLS（普通最小二乘法）。,您认为该行为的可接受程度是 - 7- 先判断其对统计显著性的影响后，再决定剔除某些数据点，比如异常值。,您认为该行为的可接受程度是 - 8- 将未预期的发现或探索性分析的结果报告为一开始就已预测的结果。,您认为该行为的可接受程度是 - 9- 通过多重插补或均值替代等方式对缺失数据进行填充，但未报告有填充。,您认为该行为的可接受程度是 - 10- 篡改研究数据（包括从篡改极少量的数据点到完全伪造数据的行为）,不论是对于自然科学还是社会科学，您认为研究结论的可推广性（Generalizability）以及样本（实验对象）的代表性（Representativeness）有多重要？,您所在的学科领域是否需要抽取人类被试作为样本？,请估计您所在的学科领域中样本代表性的高低,"在您过去或未来的研究中，使用便利抽样（Convenience Sampling）获得的样本在所有研究样本中所占的比例是（单位：%）

（*便利抽样：指研究者从方便获取或最容易接触到的人群中抽取样本） - 比例",您的性别是 - Selected Choice,您的性别是 - 其他____ - Text,您的年龄是,您的职业发展阶段是 - Selected Choice,您的职业发展阶段是 - 其他（请写明）____ - Text,您进行博士项目的学校位于境内（中国大陆）还是境外（含港澳台地区）？距离博士毕业已经多少年了？ - 境内（中国大陆）,您进行博士项目的学校位于境内（中国大陆）还是境外（含港澳台地区）？距离博士毕业已经多少年了？ - 境外（含港澳台地区）,您进行博士项目的学校位于境内（中国大陆）还是境外（含港澳台地区）？距离博士毕业已经多少年了？ - 其他（联合培养等）,您进行博士项目的学校位于境内（中国大陆）还是境外（含港澳台地区）？距离博士毕业已经多少年了？ - 未进行过博士项目学习,（若您博士在读或毕业）您进行博士项目的学校名称是,您目前所在的学科领域是,若您进行过前面提到的任意开放科学实践，您最早一次实践是哪一年？,请估计您所在的学科领域中，至少进行过一次开放科学实践的研究者比例是多少？（单位：%） - 估计至少进行过一次开放科学实践的研究者比例,问卷即将结束，若您对本次问卷有建议或其他想要评论的内容可以写在这里：,"尊敬的参与者：

       感谢您花时间完成本次问卷调查调查，我们深知您的时间宝贵，您的见解对我们的研究至关重要。 

       为了进一步深入了解此领域，我们正在进行另一项相关研究，探讨研究者对开放科学实践的态度如何影响行为意向。如果您对此也感兴趣，并愿意为科学研究做出更多贡献，我们诚邀您参加这项后续调查。 

       作为感谢，所有完成后续问卷的参与者能够获得红包惊喜。如果您愿意参与后续的调查，请留下您的邮箱地址。我们保证您的信息将仅用于本研究目的，并将严格保密。

       再次感谢您的宝贵时间和支持！(･ω･)ﾉ"
"{""ImportId"":""startDate"",""timeZone"":""America/Denver""}","{""ImportId"":""endDate"",""timeZone"":""America/Denver""}","{""ImportId"":""status""}","{""ImportId"":""ipAddress""}","{""ImportId"":""progress""}","{""ImportId"":""duration""}","{""ImportId"":""finished""}","{""ImportId"":""recordedDate"",""timeZone"":""America/Denver""}","{""ImportId"":""_recordId""}","{""ImportId"":""recipientLastName""}","{""ImportId"":""recipientFirstName""}","{""ImportId"":""recipientEmail""}","{""ImportId"":""externalDataReference""}","{""ImportId"":""locationLatitude""}","{""ImportId"":""locationLongitude""}","{""ImportId"":""distributionChannel""}","{""ImportId"":""userLanguage""}","{""ImportId"":""QID2""}","{""ImportId"":""QID3""}","{""ImportId"":""QID78""}","{""ImportId"":""QID80_1""}","{""ImportId"":""QID80_2""}","{""ImportId"":""QID80_3""}","{""ImportId"":""QID80_4""}","{""ImportId"":""QID80_5""}","{""ImportId"":""QID80_6""}","{""ImportId"":""QID80_7""}","{""ImportId"":""QID80_8""}","{""ImportId"":""QID81_1""}","{""ImportId"":""QID81_2""}","{""ImportId"":""QID81_3""}","{""ImportId"":""QID81_4""}","{""ImportId"":""QID81_5""}","{""ImportId"":""QID81_6""}","{""ImportId"":""QID81_7""}","{""ImportId"":""QID81_8""}","{""ImportId"":""QID82_1""}","{""ImportId"":""QID82_2""}","{""ImportId"":""QID82_3""}","{""ImportId"":""QID82_4""}","{""ImportId"":""QID82_5""}","{""ImportId"":""QID82_6""}","{""ImportId"":""QID82_7""}","{""ImportId"":""QID82_8""}","{""ImportId"":""QID14""}","{""ImportId"":""QID14_16_TEXT""}","{""ImportId"":""QID42""}","{""ImportId"":""QID42_22_TEXT""}","{""ImportId"":""QID21""}","{""ImportId"":""QID21_20_TEXT""}","{""ImportId"":""QID26""}","{""ImportId"":""QID26_17_TEXT""}","{""ImportId"":""QID48""}","{""ImportId"":""QID48_14_TEXT""}","{""ImportId"":""QID62""}","{""ImportId"":""QID62_17_TEXT""}","{""ImportId"":""QID5""}","{""ImportId"":""QID5_7_TEXT""}","{""ImportId"":""QID66""}","{""ImportId"":""QID87""}","{""ImportId"":""QID67""}","{""ImportId"":""QID85""}","{""ImportId"":""QID85_11_TEXT""}","{""ImportId"":""QID51""}","{""ImportId"":""QID51_14_TEXT""}","{""ImportId"":""QID32_15""}","{""ImportId"":""QID32_16""}","{""ImportId"":""QID32_17""}","{""ImportId"":""QID32_18""}","{""ImportId"":""QID32_19""}","{""ImportId"":""QID32_20""}","{""ImportId"":""QID32_21""}","{""ImportId"":""QID32_22""}","{""ImportId"":""QID32_23""}","{""ImportId"":""QID32_25""}","{""ImportId"":""QID34_14""}","{""ImportId"":""QID34_15""}","{""ImportId"":""QID34_16""}","{""ImportId"":""QID34_17""}","{""ImportId"":""QID34_18""}","{""ImportId"":""QID34_19""}","{""ImportId"":""QID34_20""}","{""ImportId"":""QID34_21""}","{""ImportId"":""QID34_22""}","{""ImportId"":""QID34_24""}","{""ImportId"":""QID33_4""}","{""ImportId"":""QID33_5""}","{""ImportId"":""QID33_6""}","{""ImportId"":""QID33_7""}","{""ImportId"":""QID33_8""}","{""ImportId"":""QID33_9""}","{""ImportId"":""QID33_10""}","{""ImportId"":""QID33_11""}","{""ImportId"":""QID33_12""}","{""ImportId"":""QID33_14""}","{""ImportId"":""QID35_14""}","{""ImportId"":""QID35_15""}","{""ImportId"":""QID35_16""}","{""ImportId"":""QID35_17""}","{""ImportId"":""QID35_18""}","{""ImportId"":""QID35_19""}","{""ImportId"":""QID35_20""}","{""ImportId"":""QID35_21""}","{""ImportId"":""QID35_22""}","{""ImportId"":""QID35_26""}","{""ImportId"":""QID28""}","{""ImportId"":""QID83""}","{""ImportId"":""QID29""}","{""ImportId"":""QID30_9""}","{""ImportId"":""QID69""}","{""ImportId"":""QID69_6_TEXT""}","{""ImportId"":""QID70_TEXT""}","{""ImportId"":""QID71""}","{""ImportId"":""QID71_33_TEXT""}","{""ImportId"":""QID72_4""}","{""ImportId"":""QID72_5""}","{""ImportId"":""QID72_6""}","{""ImportId"":""QID72_8""}","{""ImportId"":""QID73_TEXT""}","{""ImportId"":""QID74""}","{""ImportId"":""QID75""}","{""ImportId"":""QID76_1""}","{""ImportId"":""QID84_TEXT""}","{""ImportId"":""QID88_TEXT""}"
2024-01-29 21:49:52,2024-01-29 22:05:44,IP Address,112.237.56.167,100,952,True,2024-01-29 22:05:45,R_4GBxl5yJqDrI9Z7,,,,,37.4852,121.4569,qr,ZH-S,好的，我已知情,好的，我已知情,"4- 开放数据（Open Data）
（将研究数据在受认可的平台上发布，可以完全公开、部分公开或者受限访问）
,6- 预印本（Preprints）
（无论投稿与否，在完成文章的写作后，将研究论文公开发布到受认可的预出版平台，如arXiv、bioRxiv）
,7- 开放获取（Open Access Publication）
（将经过同行评审的论文或其他出版物开放，任何人均可免费阅读和下载全文）
,8- 开放式的同行评审（Open Peer Review）
（公开审稿人的审稿意见，通常还包括发布其余的同行评审资料，即作者的回复和编辑的建议）",,,,5- 非常认同,,5- 非常认同,5- 非常认同,5- 非常认同,,,,2- 没有做过,,2- 没有做过,2- 没有做过,2- 没有做过,,,,3- 中等,,3- 中等,3- 中等,3- 中等,,,"1- 不知道该如何分享我的数据，不清楚流程或分享数据的平台和机构,2- 缺少能长期稳定存储数据的方案，短期的存储需要经常维护，不方便,6- 我的数据缺乏价值，其他研究者不会对我的数据感兴趣,8- 他人不正确或不恰当地使用我的数据，导致得到错误或带有误导性的结果,9- 我对我自己的数据有专有权，共享数据会侵犯我的权利,10- 共享敏感数据会导致私密性降低，无法匿名化会带来一些相关问题,13- 收益太小，我不知道开放数据能给我带来怎样的收益，或者这些收益不值得我付出时间",,,,"1- 开放同行评审活动的模式众多，但却没有足够标准的量化方式确定哪一种模式最佳,2- 开放同行评审可能会有大量的评论和反馈，导致评审过程变得太漫长,3- 开放同行评审可能会引入更多的非专业人士进行评论，这可能会导致评审人的学术水平参差不齐，从而降低审稿的质量和准确性,4- 公开评审人的身份可能会导致评审人不愿意提出有争议的意见或评论，因为他们可能担心自己会被其他人攻击或诋毁,5- 一些人可能会滥用开放同行评审的机会，通过提出有攻击性或负面的评论来破坏作者的声誉或削弱论文的可信度,6- 一些人可能会因为想要保持良好的关系而不愿意提供真诚的反馈和评论，因此可能会有更多的表扬和较少的批评，这可能会影响审稿的质量,7- 开放同行评审可能会公开揭示作者的身份、工作单位等个人信息，这可能会导致作者的隐私被泄露,8- 开放同行评审可能会公开揭示审稿人的身份、工作单位等个人信息，这可能会导致审稿人的隐私被泄露",,,,"1- 没有渠道去了解预印本平台或不了解发布预印本的流程,2- 合作期刊少，不利于预印本文章后续在学术期刊的发表,3- 未经同行评审的预印本文章可信度较低，容易出现错误结论影响公众认知和信任,4- 预印本的开放性可能导致一些学术不端的行为，例如数据造假、抄袭等,5- 预印本平台权威性不如传统期刊，发表对我的职业生涯没有明显的积极影响,6- 担心他人看到我的预印本而抢发文章",,"1- 有关开放科学的学术会议和讲座等,5- 包含关于开放科学理论和实践的传统书籍和文章,7- 导师、同学或学校/学院的宣传",,5- 非常愿意,1- 非常不愿意,1- 非常困难,"2- 学术文化和研究习惯的差异,3- 国际数据共享的法律限制与隐私保护问题,4- 研究资金和资源的不足,7- 研究领域专业化与技术壁垒,9- 科研评价和激励机制存在国际差异",,"1- 学校图书馆所购买的文献资源,2- 谷歌学术、web of science等免费索引引擎",,10,7,6,8,8,6,5,20,10,,否（从没做过）,否（从没做过）,否（从没做过）,否（从没做过）,否（从没做过）,否（从没做过）,否（从没做过）,否（从没做过）,否（从没做过）,否（从没做过）,9,8,9,9,10,9,9,12,11,4,或许可以接受,或许可以接受,不可以接受,不可以接受,不可以接受,或许可以接受,不可以接受,不可以接受,不可以接受,不可以接受,4- 重要性较高,否（不需要抽取人类被试）,,,女,,27,硕士在读/毕业,,,,,,,管理学（包括工商管理、公共管理等）,2023年,18,,
2024-01-29 22:19:08,2024-01-29 22:25:07,IP Address,182.118.234.219,100,359,True,2024-01-29 22:25:08,R_43CKXMT4SzhmJp6,,,,,39.911,116.395,qr,ZH-S,好的，我已知情,好的，我已知情,"4- 开放数据（Open Data）
（将研究数据在受认可的平台上发布，可以完全公开、部分公开或者受限访问）
,6- 预印本（Preprints）
（无论投稿与否，在完成文章的写作后，将研究论文公开发布到受认可的预出版平台，如arXiv、bioRxiv）
,7- 开放获取（Open Access Publication）
（将经过同行评审的论文或其他出版物开放，任何人均可免费阅读和下载全文）
,8- 开放式的同行评审（Open Peer Review）
（公开审稿人的审稿意见，通常还包括发布其余的同行评审资料，即作者的回复和编辑的建议）",,,,4- 比较认同,,4- 比较认同,4- 比较认同,4- 比较认同,,,,"1- 我做过（包括身为主要作者做过或参与过相关项目）
",,2- 没有做过,2- 没有做过,2- 没有做过,,,,5- 概率非常高,,1- 概率非常低,4- 概率较高,1- 概率非常低,,,1- 不知道该如何分享我的数据，不清楚流程或分享数据的平台和机构,,,,我所在的学科领域不涉及开放同行评议,,,,我所在的学科领域不太涉及预印本,,"2- 社交媒体和博客，如Twitter、微信公众号等,3- 开放获取的学术杂志和书籍，如PLOS等,7- 导师、同学或学校/学院的宣传",,4- 比较愿意,1- 非常不愿意,2- 比较困难,3- 国际数据共享的法律限制与隐私保护问题,,"1- 学校图书馆所购买的文献资源,3- 知网、万方以及维普等专业付费的学术数据库（学校未购买，需个人付费）,4- SCI-HUB",,,23,,,,,64,,,,否（从没做过）,否（从没做过）,否（从没做过）,否（从没做过）,否（从没做过）,否（从没做过）,否（从没做过）,否（从没做过）,否（从没做过）,否（从没做过）,,,,,,,,,,,不可以接受,不可以接受,不可以接受,不可以接受,不可以接受,不可以接受,不可以接受,不可以接受,不可以接受,不可以接受,4- 重要性较高,否（不需要抽取人类被试）,,,女,,23,硕士在读/毕业,,,,,,,管理学（包括工商管理、公共管理等）,2023年,22,,
2024-01-30 01:07:34,2024-01-30 01:18:50,IP Address,49.93.225.100,100,675,True,2024-01-30 01:18:51,R_5dHfRVgfAxEfOEK,,,,,31.3093,120.602,qr,ZH-S,好的，我已知情,好的，我已知情,"3- 重复性研究（Replication Studies）
（对先前发表的研究进行重复、验证的研究）
,4- 开放数据（Open Data）
（将研究数据在受认可的平台上发布，可以完全公开、部分公开或者受限访问）
,5- 开放代码（Open Code）
（将研究中使用的代码，如统计分析代码，在受认可的平台上公开发布）
,6- 预印本（Preprints）
（无论投稿与否，在完成文章的写作后，将研究论文公开发布到受认可的预出版平台，如arXiv、bioRxiv）
,7- 开放获取（Open Access Publication）
（将经过同行评审的论文或其他出版物开放，任何人均可免费阅读和下载全文）
",,,3- 中立,5- 非常认同,5- 非常认同,5- 非常认同,5- 非常认同,,,,"1- 我做过（包括身为主要作者做过或参与过相关项目）
",2- 没有做过,3- 我的研究领域不涉及这方面,2- 没有做过,2- 没有做过,,,,4- 概率较高,3- 中等,3- 中等,3- 中等,3- 中等,,"1- 重复他人研究需要原始数据或代码，但有时数据和代码可能不公开或者数据存储不规范，难以获取,2- 原始的研究方法没有公开,4- 有些研究问题非常复杂，需要很多领域的专业知识和技能，使得进行重复性研究变得更加困难,5- 我的同学或同事们不怎么重复他人的研究，让我觉得我也没必要去做,6- 我的导师或领导不希望我进行重复性研究,7- 有些原作者很反感别人来重复自己的研究",,"1- 不知道该如何分享我的数据，不清楚流程或分享数据的平台和机构,2- 缺少能长期稳定存储数据的方案，短期的存储需要经常维护，不方便,5- 数据规模过大，上传存储不方便,6- 我的数据缺乏价值，其他研究者不会对我的数据感兴趣,7- 他人可能在我的数据里找出错误，然后笑话我或者指责我,8- 他人不正确或不恰当地使用我的数据，导致得到错误或带有误导性的结果,10- 共享敏感数据会导致私密性降低，无法匿名化会带来一些相关问题,16- 存在商业利益冲突导致数据集中在部分人手中",,"4- 需要手动操作的流程过于繁琐,5- 我的代码缺乏价值，其他研究者不会对我的代码感兴趣,6- 他人可能在我的代码里找出错误，然后笑话我或者指责我",,,,,,"2- 合作期刊少，不利于预印本文章后续在学术期刊的发表,3- 未经同行评审的预印本文章可信度较低，容易出现错误结论影响公众认知和信任,4- 预印本的开放性可能导致一些学术不端的行为，例如数据造假、抄袭等,6- 担心他人看到我的预印本而抢发文章,10- 缺乏足够的奖励，不足以让我改变习惯",,"1- 有关开放科学的学术会议和讲座等,2- 社交媒体和博客，如Twitter、微信公众号等,7- 导师、同学或学校/学院的宣传",,3- 中立,1- 非常不愿意,4- 比较容易,"1- 存在语言障碍，导致沟通困难,2- 学术文化和研究习惯的差异,5- 国际合作政策或行政限制的挑战,8- 时区差异带来的协作挑战,10- 政治和经济因素对合作的潜在影响",,"1- 学校图书馆所购买的文献资源,2- 谷歌学术、web of science等免费索引引擎,3- 知网、万方以及维普等专业付费的学术数据库（学校未购买，需个人付费）,4- SCI-HUB",,80,78,75,51,51,53,18,,,54,否（从没做过）,否（从没做过）,是（曾做过）,是（曾做过）,否（从没做过）,否（从没做过）,否（从没做过）,否（从没做过）,否（从没做过）,是（曾做过）,98,80,47,55,3,74,65,69,56,0,可以接受,或许可以接受,或许可以接受,或许可以接受,不可以接受,可以接受,或许可以接受,不可以接受,或许可以接受,不可以接受,5- 重要性非常高,是（需要抽取人类被试作为样本）,3- 中等,52,女,,25,硕士在读/毕业,,,,,,,管理学（包括工商管理、公共管理等）,2021年,78,,
2024-01-30 01:30:28,2024-01-30 01:38:23,IP Address,101.249.93.28,100,474,True,2024-01-30 01:38:24,R_5EsgXEpMl3Snp2p,,,,,30.6498,104.0555,qr,ZH-S,好的，我已知情,好的，我已知情,"4- 开放数据（Open Data）
（将研究数据在受认可的平台上发布，可以完全公开、部分公开或者受限访问）
,7- 开放获取（Open Access Publication）
（将经过同行评审的论文或其他出版物开放，任何人均可免费阅读和下载全文）
",,,,4- 比较认同,,,4- 比较认同,,,,,2- 没有做过,,,2- 没有做过,,,,,2- 概率较低,,,2- 概率较低,,,,1- 不知道该如何分享我的数据，不清楚流程或分享数据的平台和机构,,,,,,,,,,7- 导师、同学或学校/学院的宣传,,3- 中立,1- 非常不愿意,3- 中等,"2- 学术文化和研究习惯的差异,3- 国际数据共享的法律限制与隐私保护问题,4- 研究资金和资源的不足",,"1- 学校图书馆所购买的文献资源,2- 谷歌学术、web of science等免费索引引擎,3- 知网、万方以及维普等专业付费的学术数据库（学校未购买，需个人付费）",,24,26,14,33,18,29,14,4,14,17,否（从没做过）,否（从没做过）,否（从没做过）,否（从没做过）,否（从没做过）,否（从没做过）,否（从没做过）,否（从没做过）,否（从没做过）,否（从没做过）,,,,18,18,19,12,23,5,17,或许可以接受,或许可以接受,或许可以接受,或许可以接受,或许可以接受,或许可以接受,或许可以接受,或许可以接受,或许可以接受,或许可以接受,3- 中等,否（不需要抽取人类被试）,,,女,,22,硕士在读/毕业,,,,,,,管理学（包括工商管理、公共管理等）,我没有进行过任何开放科学实践,9,,
2024-01-30 19:07:13,2024-01-30 19:23:04,IP Address,114.245.32.198,100,951,True,2024-01-30 19:23:06,R_4KpgDdcLtxwxiGY,,,,,39.911,116.395,qr,ZH-S,好的，我已知情,好的，我已知情,"1- 预注册（Study Preregistration）
（例如，在数据收集之前将研究设计、假设和分析计划等提交到特定的预注册平台）,3- 重复性研究（Replication Studies）
（对先前发表的研究进行重复、验证的研究）
,4- 开放数据（Open Data）
（将研究数据在受认可的平台上发布，可以完全公开、部分公开或者受限访问）
,5- 开放代码（Open Code）
（将研究中使用的代码，如统计分析代码，在受认可的平台上公开发布）
,6- 预印本（Preprints）
（无论投稿与否，在完成文章的写作后，将研究论文公开发布到受认可的预出版平台，如arXiv、bioRxiv）
,7- 开放获取（Open Access Publication）
（将经过同行评审的论文或其他出版物开放，任何人均可免费阅读和下载全文）
,8- 开放式的同行评审（Open Peer Review）
（公开审稿人的审稿意见，通常还包括发布其余的同行评审资料，即作者的回复和编辑的建议）",4- 比较认同,,5- 非常认同,5- 非常认同,4- 比较认同,5- 非常认同,5- 非常认同,3- 中立,2- 没有做过,,2- 没有做过,"1- 我做过（包括身为主要作者做过或参与过相关项目）
",3- 我的研究领域不涉及这方面,"1- 我做过（包括身为主要作者做过或参与过相关项目）
","1- 我做过（包括身为主要作者做过或参与过相关项目）
",2- 没有做过,4- 概率较高,,5- 概率非常高,5- 概率非常高,2- 概率较低,4- 概率较高,5- 概率非常高,3- 中等,"1- 重复他人研究需要原始数据或代码，但有时数据和代码可能不公开或者数据存储不规范，难以获取,2- 原始的研究方法没有公开,3- 没有充足的时间，我想在有限的时间内为推进新的理论做出贡献，而不是重复过去的研究,7- 有些原作者很反感别人来重复自己的研究,8- 期刊或同行更青睐有新颖成果或阳性的研究，重复性研究不好发表,9- 研究机构和出版商没有充分的奖励机制来鼓励重复性研究，从而使得进行重复性研究的人缺乏动力,10- 科研基金资助方对重复性研究的资助很少",,"2- 缺少能长期稳定存储数据的方案，短期的存储需要经常维护，不方便,8- 他人不正确或不恰当地使用我的数据，导致得到错误或带有误导性的结果,10- 共享敏感数据会导致私密性降低，无法匿名化会带来一些相关问题,12- 我的导师、领导或资助者要求我不要公开数据,14- 签订的隐私保密协议要求不能公开数据,15- 比较敏感的数据无法获得,16- 存在商业利益冲突导致数据集中在部分人手中",,我所在的学科领域不涉及公开代码,,"1- 开放同行评审活动的模式众多，但却没有足够标准的量化方式确定哪一种模式最佳,2- 开放同行评审可能会有大量的评论和反馈，导致评审过程变得太漫长,3- 开放同行评审可能会引入更多的非专业人士进行评论，这可能会导致评审人的学术水平参差不齐，从而降低审稿的质量和准确性,4- 公开评审人的身份可能会导致评审人不愿意提出有争议的意见或评论，因为他们可能担心自己会被其他人攻击或诋毁,5- 一些人可能会滥用开放同行评审的机会，通过提出有攻击性或负面的评论来破坏作者的声誉或削弱论文的可信度,6- 一些人可能会因为想要保持良好的关系而不愿意提供真诚的反馈和评论，因此可能会有更多的表扬和较少的批评，这可能会影响审稿的质量,8- 开放同行评审可能会公开揭示审稿人的身份、工作单位等个人信息，这可能会导致审稿人的隐私被泄露,11- 开放同行评审的评论参与度很低，大多数开放评论的文章并未得到广泛的讨论,13- 我经常投稿的期刊不支持开放同行评审",,,,"2- 合作期刊少，不利于预印本文章后续在学术期刊的发表,3- 未经同行评审的预印本文章可信度较低，容易出现错误结论影响公众认知和信任,4- 预印本的开放性可能导致一些学术不端的行为，例如数据造假、抄袭等,5- 预印本平台权威性不如传统期刊，发表对我的职业生涯没有明显的积极影响,6- 担心他人看到我的预印本而抢发文章,7- 将研究成果发布在预印本上会影响我的著作权,8- 我的导师或领导不希望我上传预印本,9- 将研究成果发布在预印本上会影响我的学术声誉和职业发展，因为预印本通常不被计入影响因子等学术评价指标,10- 缺乏足够的奖励，不足以让我改变习惯,11- 大多数科研机构和高校不认可预印本，在毕业、职称评定及项目申请方面无法与期刊论文等效",,"1- 有关开放科学的学术会议和讲座等,3- 开放获取的学术杂志和书籍，如PLOS等,4- 开放科学相关的学术和行业团体，如COSN等,5- 包含关于开放科学理论和实践的传统书籍和文章,7- 导师、同学或学校/学院的宣传",,4- 比较愿意,1- 非常不愿意,1- 非常困难,"1- 存在语言障碍，导致沟通困难,2- 学术文化和研究习惯的差异,3- 国际数据共享的法律限制与隐私保护问题,4- 研究资金和资源的不足,6- 学术出版的版权问题和开放获取难题,7- 研究领域专业化与技术壁垒,9- 科研评价和激励机制存在国际差异,10- 政治和经济因素对合作的潜在影响",,"1- 学校图书馆所购买的文献资源,2- 谷歌学术、web of science等免费索引引擎,3- 知网、万方以及维普等专业付费的学术数据库（学校未购买，需个人付费）,9- 找朋友帮助或微信等社区求助",,70,65,60,67,53,65,78,71,65,50,否（从没做过）,是（曾做过）,否（从没做过）,是（曾做过）,否（从没做过）,是（曾做过）,否（从没做过）,否（从没做过）,否（从没做过）,否（从没做过）,31,56,41,68,13,76,53,32,20,5,或许可以接受,可以接受,不可以接受,或许可以接受,不可以接受,或许可以接受,或许可以接受,或许可以接受,不可以接受,不可以接受,5- 重要性非常高,否（不需要抽取人类被试）,,,男,,25,硕士在读/毕业,,,,,,,管理学（包括工商管理、公共管理等）,2021年,30,,
2024-01-30 19:18:41,2024-01-30 19:35:55,IP Address,223.65.109.152,100,1034,True,2024-01-30 19:35:56,R_4aRoEUOZ6teIGn4,,,,,32.0589,118.7738,qr,ZH-S,好的，我已知情,好的，我已知情,"1- 预注册（Study Preregistration）
（例如，在数据收集之前将研究设计、假设和分析计划等提交到特定的预注册平台）,2- 注册报告（Registered Reports）
（一种新的文章类型，期刊分两阶段进行审稿，第一阶段针对研究方案审稿并决定是否原则上接收，第二阶段针对最终结果审稿，主要考虑是否按照原计划进行）
,3- 重复性研究（Replication Studies）
（对先前发表的研究进行重复、验证的研究）
,4- 开放数据（Open Data）
（将研究数据在受认可的平台上发布，可以完全公开、部分公开或者受限访问）
,5- 开放代码（Open Code）
（将研究中使用的代码，如统计分析代码，在受认可的平台上公开发布）
,6- 预印本（Preprints）
（无论投稿与否，在完成文章的写作后，将研究论文公开发布到受认可的预出版平台，如arXiv、bioRxiv）
,7- 开放获取（Open Access Publication）
（将经过同行评审的论文或其他出版物开放，任何人均可免费阅读和下载全文）
,8- 开放式的同行评审（Open Peer Review）
（公开审稿人的审稿意见，通常还包括发布其余的同行评审资料，即作者的回复和编辑的建议）",5- 非常认同,3- 中立,5- 非常认同,5- 非常认同,5- 非常认同,5- 非常认同,5- 非常认同,5- 非常认同,2- 没有做过,2- 没有做过,"1- 我做过（包括身为主要作者做过或参与过相关项目）
",2- 没有做过,2- 没有做过,2- 没有做过,2- 没有做过,2- 没有做过,3- 中等,3- 中等,5- 概率非常高,5- 概率非常高,5- 概率非常高,5- 概率非常高,2- 概率较低,2- 概率较低,"1- 重复他人研究需要原始数据或代码，但有时数据和代码可能不公开或者数据存储不规范，难以获取,8- 期刊或同行更青睐有新颖成果或阳性的研究，重复性研究不好发表,10- 科研基金资助方对重复性研究的资助很少",,15- 比较敏感的数据无法获得,,没有任何因素会影响我公开代码的积极型,,"7- 开放同行评审可能会公开揭示作者的身份、工作单位等个人信息，这可能会导致作者的隐私被泄露,8- 开放同行评审可能会公开揭示审稿人的身份、工作单位等个人信息，这可能会导致审稿人的隐私被泄露",,没有任何因素会影响我投稿注册报告,,没有任何因素会影响我的积极性,,"1- 有关开放科学的学术会议和讲座等,2- 社交媒体和博客，如Twitter、微信公众号等,4- 开放科学相关的学术和行业团体，如COSN等,6- 开放科学相关的工具，如Github等,7- 导师、同学或学校/学院的宣传",,5- 非常愿意,1- 非常不愿意,5- 非常容易,"1- 存在语言障碍，导致沟通困难,7- 研究领域专业化与技术壁垒",,"1- 学校图书馆所购买的文献资源,2- 谷歌学术、web of science等免费索引引擎,4- SCI-HUB,6- ChinaXiv、arXiv以及bioRxiv等预印本平台,9- 找朋友帮助或微信等社区求助",,90,100,100,91,20,71,100,100,0,20,否（从没做过）,是（曾做过）,是（曾做过）,是（曾做过）,否（从没做过）,否（从没做过）,是（曾做过）,是（曾做过）,否（从没做过）,否（从没做过）,0,0,0,50,10,20,0,1,100,0,不可以接受,不可以接受,或许可以接受,或许可以接受,不可以接受,不可以接受,可以接受,或许可以接受,不可以接受,不可以接受,5- 重要性非常高,是（需要抽取人类被试作为样本）,1- 样本代表性非常低,89,男,,28,硕士在读/毕业,,,,,,,心理学（心理学直接选择此项）,2022年,40,,czarray525@gmail.com
2024-01-30 21:45:17,2024-01-30 21:54:02,IP Address,39.144.105.235,100,525,True,2024-01-30 21:54:03,R_4By3WXaInv6syy3,,,,,31.2222,121.4581,qr,ZH-S,好的，我已知情,好的，我已知情,"3- 重复性研究（Replication Studies）
（对先前发表的研究进行重复、验证的研究）
,4- 开放数据（Open Data）
（将研究数据在受认可的平台上发布，可以完全公开、部分公开或者受限访问）
,7- 开放获取（Open Access Publication）
（将经过同行评审的论文或其他出版物开放，任何人均可免费阅读和下载全文）
",,,3- 中立,4- 比较认同,,,4- 比较认同,,,,"1- 我做过（包括身为主要作者做过或参与过相关项目）
",2- 没有做过,,,"1- 我做过（包括身为主要作者做过或参与过相关项目）
",,,,4- 概率较高,1- 概率非常低,,,4- 概率较高,,1- 重复他人研究需要原始数据或代码，但有时数据和代码可能不公开或者数据存储不规范，难以获取,,"2- 缺少能长期稳定存储数据的方案，短期的存储需要经常维护，不方便,6- 我的数据缺乏价值，其他研究者不会对我的数据感兴趣",,,,,,,,,,"1- 有关开放科学的学术会议和讲座等,2- 社交媒体和博客，如Twitter、微信公众号等,4- 开放科学相关的学术和行业团体，如COSN等,5- 包含关于开放科学理论和实践的传统书籍和文章,7- 导师、同学或学校/学院的宣传",,3- 中立,1- 非常不愿意,2- 比较困难,"1- 存在语言障碍，导致沟通困难,2- 学术文化和研究习惯的差异,3- 国际数据共享的法律限制与隐私保护问题,5- 国际合作政策或行政限制的挑战,10- 政治和经济因素对合作的潜在影响",,"1- 学校图书馆所购买的文献资源,2- 谷歌学术、web of science等免费索引引擎,3- 知网、万方以及维普等专业付费的学术数据库（学校未购买，需个人付费）,4- SCI-HUB",,,,,,,,49,44,28,62,否（从没做过）,是（曾做过）,否（从没做过）,否（从没做过）,否（从没做过）,否（从没做过）,否（从没做过）,否（从没做过）,否（从没做过）,否（从没做过）,,33,,,,,,,30,45,或许可以接受,可以接受,或许可以接受,或许可以接受,或许可以接受,或许可以接受,或许可以接受,或许可以接受,或许可以接受,或许可以接受,3- 中等,是（需要抽取人类被试作为样本）,3- 中等,45,女,,23,硕士在读/毕业,,,,,,,管理学（包括工商管理、公共管理等）,2022年,45,无,
2024-01-29 21:54:32,2024-01-30 23:31:54,IP Address,221.207.153.80,100,92241,True,2024-01-30 23:31:55,R_4z7oswgZpgyifth,,,,,45.7787,126.5975,qr,ZH-S,好的，我已知情,好的，我已知情,"1- 预注册（Study Preregistration）
（例如，在数据收集之前将研究设计、假设和分析计划等提交到特定的预注册平台）,2- 注册报告（Registered Reports）
（一种新的文章类型，期刊分两阶段进行审稿，第一阶段针对研究方案审稿并决定是否原则上接收，第二阶段针对最终结果审稿，主要考虑是否按照原计划进行）
,3- 重复性研究（Replication Studies）
（对先前发表的研究进行重复、验证的研究）
,4- 开放数据（Open Data）
（将研究数据在受认可的平台上发布，可以完全公开、部分公开或者受限访问）
,5- 开放代码（Open Code）
（将研究中使用的代码，如统计分析代码，在受认可的平台上公开发布）
,6- 预印本（Preprints）
（无论投稿与否，在完成文章的写作后，将研究论文公开发布到受认可的预出版平台，如arXiv、bioRxiv）
,7- 开放获取（Open Access Publication）
（将经过同行评审的论文或其他出版物开放，任何人均可免费阅读和下载全文）
,8- 开放式的同行评审（Open Peer Review）
（公开审稿人的审稿意见，通常还包括发布其余的同行评审资料，即作者的回复和编辑的建议）",5- 非常认同,5- 非常认同,4- 比较认同,5- 非常认同,4- 比较认同,5- 非常认同,5- 非常认同,4- 比较认同,3- 我的研究领域不涉及这方面,3- 我的研究领域不涉及这方面,"1- 我做过（包括身为主要作者做过或参与过相关项目）
",2- 没有做过,3- 我的研究领域不涉及这方面,3- 我的研究领域不涉及这方面,2- 没有做过,2- 没有做过,3- 中等,2- 概率较低,5- 概率非常高,4- 概率较高,3- 中等,3- 中等,5- 概率非常高,4- 概率较高,"2- 原始的研究方法没有公开,9- 研究机构和出版商没有充分的奖励机制来鼓励重复性研究，从而使得进行重复性研究的人缺乏动力",,"1- 不知道该如何分享我的数据，不清楚流程或分享数据的平台和机构,13- 收益太小，我不知道开放数据能给我带来怎样的收益，或者这些收益不值得我付出时间",,我所在的学科领域不涉及公开代码,,"3- 开放同行评审可能会引入更多的非专业人士进行评论，这可能会导致评审人的学术水平参差不齐，从而降低审稿的质量和准确性,4- 公开评审人的身份可能会导致评审人不愿意提出有争议的意见或评论，因为他们可能担心自己会被其他人攻击或诋毁,12- 开放同行评审没有足够的奖励来吸引我参与其中",,我所在的学科领域不涉及注册报告,,我所在的学科领域不太涉及预印本,,"1- 有关开放科学的学术会议和讲座等,2- 社交媒体和博客，如Twitter、微信公众号等,5- 包含关于开放科学理论和实践的传统书籍和文章",,4- 比较愿意,1- 非常不愿意,2- 比较困难,"1- 存在语言障碍，导致沟通困难,2- 学术文化和研究习惯的差异,9- 科研评价和激励机制存在国际差异",,"1- 学校图书馆所购买的文献资源,2- 谷歌学术、web of science等免费索引引擎,4- SCI-HUB",,80,60,91,95,88,89,85,50,80,85,否（从没做过）,是（曾做过）,否（从没做过）,否（从没做过）,否（从没做过）,否（从没做过）,否（从没做过）,是（曾做过）,否（从没做过）,否（从没做过）,0,10,0,0,10,20,1,10,0,0,不可以接受,或许可以接受,不可以接受,不可以接受,或许可以接受,或许可以接受,不可以接受,或许可以接受,不可以接受,不可以接受,4- 重要性较高,是（需要抽取人类被试作为样本）,2- 样本代表性较低,50,女,,43,教授,,,,,,,管理学（包括工商管理、公共管理等）,记不清了,20,,jx_happy@sohu.com
2024-01-29 17:20:17,2024-01-29 17:21:56,IP Address,39.144.158.92,34,99,False,2024-02-05 17:22:00,R_4sBJeVdCTgFapFL,,,,,,,qr,ZH-S,好的，我已知情,好的，我已知情,"6- 预印本（Preprints）
（无论投稿与否，在完成文章的写作后，将研究论文公开发布到受认可的预出版平台，如arXiv、bioRxiv）
",,,,,,3- 中立,,,,,,,,3- 我的研究领域不涉及这方面,,,,,,,,3- 中等,,,,,,,,,,,,,6- 担心他人看到我的预印本而抢发文章,,,,,,,,,,,,,,,,,,,,,,,,,,,,,,,,,,,,,,,,,,,,,,,,,,,,,,,,,,,,,,,,,,,,,
2024-01-29 07:29:11,2024-01-29 17:51:52,IP Address,159.226.100.209,34,37360,False,2024-02-05 17:51:55,R_4rJsbRy4xwKgeeJ,,,,,,,qr,ZH-S,好的，我已知情,好的，我已知情,0- 没有我知道的选项,,,,,,,,,,,,,,,,,,,,,,,,,,,,,,,,,,,,,,,,,,,,,,,,,,,,,,,,,,,,,,,,,,,,,,,,,,,,,,,,,,,,,,,,,,,,,,,,,,,,,,,,
2024-01-29 18:32:22,2024-01-29 18:37:30,IP Address,159.226.100.237,84,307,False,2024-02-05 18:37:35,R_4Y6tue3hMLFbBp7,,,,,,,qr,ZH-S,好的，我已知情,好的，我已知情,"1- 预注册（Study Preregistration）
（例如，在数据收集之前将研究设计、假设和分析计划等提交到特定的预注册平台）,2- 注册报告（Registered Reports）
（一种新的文章类型，期刊分两阶段进行审稿，第一阶段针对研究方案审稿并决定是否原则上接收，第二阶段针对最终结果审稿，主要考虑是否按照原计划进行）
,3- 重复性研究（Replication Studies）
（对先前发表的研究进行重复、验证的研究）
,4- 开放数据（Open Data）
（将研究数据在受认可的平台上发布，可以完全公开、部分公开或者受限访问）
,5- 开放代码（Open Code）
（将研究中使用的代码，如统计分析代码，在受认可的平台上公开发布）
,6- 预印本（Preprints）
（无论投稿与否，在完成文章的写作后，将研究论文公开发布到受认可的预出版平台，如arXiv、bioRxiv）
,7- 开放获取（Open Access Publication）
（将经过同行评审的论文或其他出版物开放，任何人均可免费阅读和下载全文）
,8- 开放式的同行评审（Open Peer Review）
（公开审稿人的审稿意见，通常还包括发布其余的同行评审资料，即作者的回复和编辑的建议）",3- 中立,3- 中立,3- 中立,3- 中立,3- 中立,1- 非常反对,4- 比较认同,4- 比较认同,2- 没有做过,2- 没有做过,2- 没有做过,2- 没有做过,2- 没有做过,2- 没有做过,2- 没有做过,2- 没有做过,2- 概率较低,2- 概率较低,2- 概率较低,3- 中等,2- 概率较低,1- 概率非常低,3- 中等,3- 中等,3- 没有充足的时间，我想在有限的时间内为推进新的理论做出贡献，而不是重复过去的研究,,3- 没有足够的时间，公开数据会占用我额外的时间,,4- 需要手动操作的流程过于繁琐,,7- 开放同行评审可能会公开揭示作者的身份、工作单位等个人信息，这可能会导致作者的隐私被泄露,,1- 没有渠道了解注册报告这种形式，也不了解哪些期刊接受注册报告,,"3- 未经同行评审的预印本文章可信度较低，容易出现错误结论影响公众认知和信任,4- 预印本的开放性可能导致一些学术不端的行为，例如数据造假、抄袭等,5- 预印本平台权威性不如传统期刊，发表对我的职业生涯没有明显的积极影响,6- 担心他人看到我的预印本而抢发文章,9- 将研究成果发布在预印本上会影响我的学术声誉和职业发展，因为预印本通常不被计入影响因子等学术评价指标,10- 缺乏足够的奖励，不足以让我改变习惯,11- 大多数科研机构和高校不认可预印本，在毕业、职称评定及项目申请方面无法与期刊论文等效",,2- 社交媒体和博客，如Twitter、微信公众号等,,3- 中立,1- 非常不愿意,1- 非常困难,"5- 国际合作政策或行政限制的挑战,6- 学术出版的版权问题和开放获取难题,7- 研究领域专业化与技术壁垒,9- 科研评价和激励机制存在国际差异",,"1- 学校图书馆所购买的文献资源,4- SCI-HUB",,,,,,,,,,,,否（从没做过）,否（从没做过）,否（从没做过）,否（从没做过）,否（从没做过）,否（从没做过）,否（从没做过）,否（从没做过）,否（从没做过）,否（从没做过）,,,,,,,,,,,不可以接受,不可以接受,不可以接受,不可以接受,不可以接受,不可以接受,不可以接受,不可以接受,不可以接受,不可以接受,3- 中等,否（不需要抽取人类被试）,,,女,,26,博士在读/毕业,,,,,,,,,,,
2024-01-30 02:54:33,2024-01-30 02:54:50,IP Address,111.205.134.61,3,16,False,2024-02-06 02:54:51,R_414J4lQKjtw797T,,,,,,,qr,ZH-S,,,,,,,,,,,,,,,,,,,,,,,,,,,,,,,,,,,,,,,,,,,,,,,,,,,,,,,,,,,,,,,,,,,,,,,,,,,,,,,,,,,,,,,,,,,,,,,,,,,,,,,,,,,
2024-01-30 02:56:20,2024-01-30 02:56:28,IP Address,223.104.63.35,3,7,False,2024-02-06 02:56:29,R_4b34A27ePSHPBRo,,,,,,,qr,ZH-S,,,,,,,,,,,,,,,,,,,,,,,,,,,,,,,,,,,,,,,,,,,,,,,,,,,,,,,,,,,,,,,,,,,,,,,,,,,,,,,,,,,,,,,,,,,,,,,,,,,,,,,,,,,
2024-01-30 18:30:05,2024-01-30 18:35:46,IP Address,121.57.148.101,55,340,False,2024-02-06 18:35:49,R_4KAYDmHnizUj2J3,,,,,,,qr,ZH-S,好的，我已知情,好的，我已知情,"3- 重复性研究（Replication Studies）
（对先前发表的研究进行重复、验证的研究）
,4- 开放数据（Open Data）
（将研究数据在受认可的平台上发布，可以完全公开、部分公开或者受限访问）
,5- 开放代码（Open Code）
（将研究中使用的代码，如统计分析代码，在受认可的平台上公开发布）
,6- 预印本（Preprints）
（无论投稿与否，在完成文章的写作后，将研究论文公开发布到受认可的预出版平台，如arXiv、bioRxiv）
,7- 开放获取（Open Access Publication）
（将经过同行评审的论文或其他出版物开放，任何人均可免费阅读和下载全文）
",,,4- 比较认同,5- 非常认同,4- 比较认同,3- 中立,5- 非常认同,,,,2- 没有做过,2- 没有做过,3- 我的研究领域不涉及这方面,2- 没有做过,2- 没有做过,,,,5- 概率非常高,4- 概率较高,1- 概率非常低,4- 概率较高,5- 概率非常高,,"4- 有些研究问题非常复杂，需要很多领域的专业知识和技能，使得进行重复性研究变得更加困难,10- 科研基金资助方对重复性研究的资助很少",,"6- 我的数据缺乏价值，其他研究者不会对我的数据感兴趣,8- 他人不正确或不恰当地使用我的数据，导致得到错误或带有误导性的结果,10- 共享敏感数据会导致私密性降低，无法匿名化会带来一些相关问题",,"2- 缺少能长期稳定存储代码的方案，短期的存储需要经常维护，不方便,5- 我的代码缺乏价值，其他研究者不会对我的代码感兴趣",,,,,,"1- 没有渠道去了解预印本平台或不了解发布预印本的流程,5- 预印本平台权威性不如传统期刊，发表对我的职业生涯没有明显的积极影响,9- 将研究成果发布在预印本上会影响我的学术声誉和职业发展，因为预印本通常不被计入影响因子等学术评价指标",,"1- 有关开放科学的学术会议和讲座等,2- 社交媒体和博客，如Twitter、微信公众号等,3- 开放获取的学术杂志和书籍，如PLOS等,4- 开放科学相关的学术和行业团体，如COSN等",,4- 比较愿意,4-比较愿意,2- 比较困难,"2- 学术文化和研究习惯的差异,5- 国际合作政策或行政限制的挑战,6- 学术出版的版权问题和开放获取难题,10- 政治和经济因素对合作的潜在影响",,"1- 学校图书馆所购买的文献资源,2- 谷歌学术、web of science等免费索引引擎,3- 知网、万方以及维普等专业付费的学术数据库（学校未购买，需个人付费）,4- SCI-HUB,6- ChinaXiv、arXiv以及bioRxiv等预印本平台",,54,75,32,19,,,47,67,70,1,否（从没做过）,否（从没做过）,否（从没做过）,否（从没做过）,否（从没做过）,否（从没做过）,否（从没做过）,否（从没做过）,否（从没做过）,否（从没做过）,,,,,,,,,,,,,,,,,,,,,,,,,,,,,,,,,,,,,,,
2024-01-30 19:05:21,2024-01-30 19:17:02,IP Address,58.39.5.154,71,701,False,2024-02-06 19:17:10,R_3pRJtxnHoohWpJt,,,,,,,qr,ZH-S,好的，我已知情,好的，我已知情,"1- 预注册（Study Preregistration）
（例如，在数据收集之前将研究设计、假设和分析计划等提交到特定的预注册平台）,3- 重复性研究（Replication Studies）
（对先前发表的研究进行重复、验证的研究）
,4- 开放数据（Open Data）
（将研究数据在受认可的平台上发布，可以完全公开、部分公开或者受限访问）
,5- 开放代码（Open Code）
（将研究中使用的代码，如统计分析代码，在受认可的平台上公开发布）
,6- 预印本（Preprints）
（无论投稿与否，在完成文章的写作后，将研究论文公开发布到受认可的预出版平台，如arXiv、bioRxiv）
,7- 开放获取（Open Access Publication）
（将经过同行评审的论文或其他出版物开放，任何人均可免费阅读和下载全文）
,8- 开放式的同行评审（Open Peer Review）
（公开审稿人的审稿意见，通常还包括发布其余的同行评审资料，即作者的回复和编辑的建议）",2- 比较反对,,3- 中立,4- 比较认同,1- 非常反对,5- 非常认同,1- 非常反对,4- 比较认同,3- 我的研究领域不涉及这方面,,2- 没有做过,2- 没有做过,2- 没有做过,"1- 我做过（包括身为主要作者做过或参与过相关项目）
","1- 我做过（包括身为主要作者做过或参与过相关项目）
",2- 没有做过,2- 概率较低,,4- 概率较高,4- 概率较高,1- 概率非常低,5- 概率非常高,1- 概率非常低,5- 概率非常高,"4- 有些研究问题非常复杂，需要很多领域的专业知识和技能，使得进行重复性研究变得更加困难,8- 期刊或同行更青睐有新颖成果或阳性的研究，重复性研究不好发表,9- 研究机构和出版商没有充分的奖励机制来鼓励重复性研究，从而使得进行重复性研究的人缺乏动力,10- 科研基金资助方对重复性研究的资助很少",,"2- 缺少能长期稳定存储数据的方案，短期的存储需要经常维护，不方便,9- 我对我自己的数据有专有权，共享数据会侵犯我的权利,10- 共享敏感数据会导致私密性降低，无法匿名化会带来一些相关问题,16- 存在商业利益冲突导致数据集中在部分人手中",,"8- 我对我自己的代码有专有权，共享代码会侵犯我的权利,9- 共享敏感代码会导致私密性降低，无法匿名化会带来一些相关问题",,"1- 开放同行评审活动的模式众多，但却没有足够标准的量化方式确定哪一种模式最佳,2- 开放同行评审可能会有大量的评论和反馈，导致评审过程变得太漫长,3- 开放同行评审可能会引入更多的非专业人士进行评论，这可能会导致评审人的学术水平参差不齐，从而降低审稿的质量和准确性,4- 公开评审人的身份可能会导致评审人不愿意提出有争议的意见或评论，因为他们可能担心自己会被其他人攻击或诋毁,5- 一些人可能会滥用开放同行评审的机会，通过提出有攻击性或负面的评论来破坏作者的声誉或削弱论文的可信度,6- 一些人可能会因为想要保持良好的关系而不愿意提供真诚的反馈和评论，因此可能会有更多的表扬和较少的批评，这可能会影响审稿的质量,7- 开放同行评审可能会公开揭示作者的身份、工作单位等个人信息，这可能会导致作者的隐私被泄露,8- 开放同行评审可能会公开揭示审稿人的身份、工作单位等个人信息，这可能会导致审稿人的隐私被泄露,10- 没有特别的原因或顾虑，但是确实不想投开放同行评审的期刊",,,,"5- 预印本平台权威性不如传统期刊，发表对我的职业生涯没有明显的积极影响,6- 担心他人看到我的预印本而抢发文章,7- 将研究成果发布在预印本上会影响我的著作权,9- 将研究成果发布在预印本上会影响我的学术声誉和职业发展，因为预印本通常不被计入影响因子等学术评价指标,11- 大多数科研机构和高校不认可预印本，在毕业、职称评定及项目申请方面无法与期刊论文等效",,"2- 社交媒体和博客，如Twitter、微信公众号等,7- 导师、同学或学校/学院的宣传",,5- 非常愿意,1- 非常不愿意,3- 中等,"3- 国际数据共享的法律限制与隐私保护问题,6- 学术出版的版权问题和开放获取难题,9- 科研评价和激励机制存在国际差异",,"1- 学校图书馆所购买的文献资源,2- 谷歌学术、web of science等免费索引引擎,3- 知网、万方以及维普等专业付费的学术数据库（学校未购买，需个人付费）,6- ChinaXiv、arXiv以及bioRxiv等预印本平台,8- 向作者写邮件索要,9- 找朋友帮助或微信等社区求助",,,,,,,,,,,,否（从没做过）,否（从没做过）,否（从没做过）,否（从没做过）,否（从没做过）,否（从没做过）,否（从没做过）,否（从没做过）,否（从没做过）,否（从没做过）,,,,,,,,,,,不可以接受,可以接受,不可以接受,或许可以接受,不可以接受,或许可以接受,不可以接受,或许可以接受,不可以接受,不可以接受,4- 重要性较高,是（需要抽取人类被试作为样本）,2- 样本代表性较低,22,,,,,,,,,,,,,,,
2024-01-30 19:22:19,2024-01-30 19:25:08,IP Address,27.149.48.32,50,169,False,2024-02-06 19:25:11,R_3EEm7QpTqQUNhvz,,,,,,,qr,ZH-S,好的，我已知情,好的，我已知情,"4- 开放数据（Open Data）
（将研究数据在受认可的平台上发布，可以完全公开、部分公开或者受限访问）
,6- 预印本（Preprints）
（无论投稿与否，在完成文章的写作后，将研究论文公开发布到受认可的预出版平台，如arXiv、bioRxiv）
,7- 开放获取（Open Access Publication）
（将经过同行评审的论文或其他出版物开放，任何人均可免费阅读和下载全文）
,8- 开放式的同行评审（Open Peer Review）
（公开审稿人的审稿意见，通常还包括发布其余的同行评审资料，即作者的回复和编辑的建议）",,,,3- 中立,,5- 非常认同,5- 非常认同,4- 比较认同,,,,2- 没有做过,,"1- 我做过（包括身为主要作者做过或参与过相关项目）
","1- 我做过（包括身为主要作者做过或参与过相关项目）
",2- 没有做过,,,,3- 中等,,5- 概率非常高,5- 概率非常高,5- 概率非常高,,,13- 收益太小，我不知道开放数据能给我带来怎样的收益，或者这些收益不值得我付出时间,,,,4- 公开评审人的身份可能会导致评审人不愿意提出有争议的意见或评论，因为他们可能担心自己会被其他人攻击或诋毁,,,,5- 预印本平台权威性不如传统期刊，发表对我的职业生涯没有明显的积极影响,,4- 开放科学相关的学术和行业团体，如COSN等,,5- 非常愿意,1- 非常不愿意,4- 比较容易,"9- 科研评价和激励机制存在国际差异,10- 政治和经济因素对合作的潜在影响",,1- 学校图书馆所购买的文献资源,,,,,,,,,,,,,,,,,,,,,,,,,,,,,,,,,,,,,,,,,,,,,,,,,,,,,,,,,,,,
2024-01-30 19:21:28,2024-01-30 19:33:29,IP Address,112.38.54.120,55,721,False,2024-02-06 19:33:35,R_4dFuVCqqiZjjc7D,,,,,,,qr,ZH-S,好的，我已知情,好的，我已知情,"1- 预注册（Study Preregistration）
（例如，在数据收集之前将研究设计、假设和分析计划等提交到特定的预注册平台）,3- 重复性研究（Replication Studies）
（对先前发表的研究进行重复、验证的研究）
,4- 开放数据（Open Data）
（将研究数据在受认可的平台上发布，可以完全公开、部分公开或者受限访问）
,5- 开放代码（Open Code）
（将研究中使用的代码，如统计分析代码，在受认可的平台上公开发布）
,6- 预印本（Preprints）
（无论投稿与否，在完成文章的写作后，将研究论文公开发布到受认可的预出版平台，如arXiv、bioRxiv）
,7- 开放获取（Open Access Publication）
（将经过同行评审的论文或其他出版物开放，任何人均可免费阅读和下载全文）
,8- 开放式的同行评审（Open Peer Review）
（公开审稿人的审稿意见，通常还包括发布其余的同行评审资料，即作者的回复和编辑的建议）",3- 中立,,5- 非常认同,5- 非常认同,5- 非常认同,4- 比较认同,5- 非常认同,5- 非常认同,2- 没有做过,,2- 没有做过,2- 没有做过,2- 没有做过,2- 没有做过,"1- 我做过（包括身为主要作者做过或参与过相关项目）
",2- 没有做过,2- 概率较低,,3- 中等,4- 概率较高,3- 中等,3- 中等,5- 概率非常高,2- 概率较低,"1- 重复他人研究需要原始数据或代码，但有时数据和代码可能不公开或者数据存储不规范，难以获取,4- 有些研究问题非常复杂，需要很多领域的专业知识和技能，使得进行重复性研究变得更加困难,5- 我的同学或同事们不怎么重复他人的研究，让我觉得我也没必要去做,9- 研究机构和出版商没有充分的奖励机制来鼓励重复性研究，从而使得进行重复性研究的人缺乏动力",,"1- 不知道该如何分享我的数据，不清楚流程或分享数据的平台和机构,3- 没有足够的时间，公开数据会占用我额外的时间,4- 需要手动操作的流程过于繁琐,13- 收益太小，我不知道开放数据能给我带来怎样的收益，或者这些收益不值得我付出时间",,11- 我身边的同学或同事不太公开他们的代码，所以我也不想公开我的,,"2- 开放同行评审可能会有大量的评论和反馈，导致评审过程变得太漫长,3- 开放同行评审可能会引入更多的非专业人士进行评论，这可能会导致评审人的学术水平参差不齐，从而降低审稿的质量和准确性,11- 开放同行评审的评论参与度很低，大多数开放评论的文章并未得到广泛的讨论",,,,3- 未经同行评审的预印本文章可信度较低，容易出现错误结论影响公众认知和信任,,"1- 有关开放科学的学术会议和讲座等,4- 开放科学相关的学术和行业团体，如COSN等,5- 包含关于开放科学理论和实践的传统书籍和文章",,5- 非常愿意,1- 非常不愿意,4- 比较容易,"6- 学术出版的版权问题和开放获取难题,9- 科研评价和激励机制存在国际差异,10- 政治和经济因素对合作的潜在影响",,"1- 学校图书馆所购买的文献资源,2- 谷歌学术、web of science等免费索引引擎,4- SCI-HUB,5- 期刊杂志官网付费获取",,7,28,10,27,6,60,7,2,7,2,否（从没做过）,否（从没做过）,否（从没做过）,否（从没做过）,否（从没做过）,否（从没做过）,否（从没做过）,否（从没做过）,否（从没做过）,否（从没做过）,,,,,,,,,,,,,,,,,,,,,,,,,,,,,,,,,,,,,,,
2024-01-30 19:43:41,2024-01-30 19:47:59,IP Address,112.10.179.142,16,258,False,2024-02-06 19:48:02,R_4QATZn33sfAsVAf,,,,,,,qr,ZH-S,好的，我已知情,好的，我已知情,"3- 重复性研究（Replication Studies）
（对先前发表的研究进行重复、验证的研究）
,4- 开放数据（Open Data）
（将研究数据在受认可的平台上发布，可以完全公开、部分公开或者受限访问）
,5- 开放代码（Open Code）
（将研究中使用的代码，如统计分析代码，在受认可的平台上公开发布）
,7- 开放获取（Open Access Publication）
（将经过同行评审的论文或其他出版物开放，任何人均可免费阅读和下载全文）
,8- 开放式的同行评审（Open Peer Review）
（公开审稿人的审稿意见，通常还包括发布其余的同行评审资料，即作者的回复和编辑的建议）",,,3- 中立,4- 比较认同,4- 比较认同,,5- 非常认同,3- 中立,,,2- 没有做过,"1- 我做过（包括身为主要作者做过或参与过相关项目）
",2- 没有做过,,2- 没有做过,2- 没有做过,,,2- 概率较低,5- 概率非常高,1- 概率非常低,,5- 概率非常高,5- 概率非常高,,,,,,,,,,,,,,,,,,,,,,,,,,,,,,,,,,,,,,,,,,,,,,,,,,,,,,,,,,,,,,,,,,,,,,,,,,,,,,,,
2024-01-30 19:15:41,2024-01-30 19:52:46,IP Address,39.144.194.130,92,2225,False,2024-02-06 19:52:52,R_4DTXMiRYUy6oyHf,,,,,,,qr,ZH-S,好的，我已知情,好的，我已知情,"1- 预注册（Study Preregistration）
（例如，在数据收集之前将研究设计、假设和分析计划等提交到特定的预注册平台）,2- 注册报告（Registered Reports）
（一种新的文章类型，期刊分两阶段进行审稿，第一阶段针对研究方案审稿并决定是否原则上接收，第二阶段针对最终结果审稿，主要考虑是否按照原计划进行）
,3- 重复性研究（Replication Studies）
（对先前发表的研究进行重复、验证的研究）
,4- 开放数据（Open Data）
（将研究数据在受认可的平台上发布，可以完全公开、部分公开或者受限访问）
,5- 开放代码（Open Code）
（将研究中使用的代码，如统计分析代码，在受认可的平台上公开发布）
,6- 预印本（Preprints）
（无论投稿与否，在完成文章的写作后，将研究论文公开发布到受认可的预出版平台，如arXiv、bioRxiv）
,7- 开放获取（Open Access Publication）
（将经过同行评审的论文或其他出版物开放，任何人均可免费阅读和下载全文）
,8- 开放式的同行评审（Open Peer Review）
（公开审稿人的审稿意见，通常还包括发布其余的同行评审资料，即作者的回复和编辑的建议）",4- 比较认同,4- 比较认同,5- 非常认同,5- 非常认同,5- 非常认同,5- 非常认同,5- 非常认同,5- 非常认同,3- 我的研究领域不涉及这方面,3- 我的研究领域不涉及这方面,2- 没有做过,3- 我的研究领域不涉及这方面,3- 我的研究领域不涉及这方面,2- 没有做过,"1- 我做过（包括身为主要作者做过或参与过相关项目）
",2- 没有做过,2- 概率较低,2- 概率较低,2- 概率较低,3- 中等,1- 概率非常低,3- 中等,4- 概率较高,3- 中等,"8- 期刊或同行更青睐有新颖成果或阳性的研究，重复性研究不好发表,10- 科研基金资助方对重复性研究的资助很少",,"1- 不知道该如何分享我的数据，不清楚流程或分享数据的平台和机构,2- 缺少能长期稳定存储数据的方案，短期的存储需要经常维护，不方便,6- 我的数据缺乏价值，其他研究者不会对我的数据感兴趣",,我所在的学科领域不涉及公开代码,,"4- 公开评审人的身份可能会导致评审人不愿意提出有争议的意见或评论，因为他们可能担心自己会被其他人攻击或诋毁,6- 一些人可能会因为想要保持良好的关系而不愿意提供真诚的反馈和评论，因此可能会有更多的表扬和较少的批评，这可能会影响审稿的质量",,我所在的学科领域不涉及注册报告,,"6- 担心他人看到我的预印本而抢发文章,7- 将研究成果发布在预印本上会影响我的著作权,10- 缺乏足够的奖励，不足以让我改变习惯,11- 大多数科研机构和高校不认可预印本，在毕业、职称评定及项目申请方面无法与期刊论文等效",,"1- 有关开放科学的学术会议和讲座等,2- 社交媒体和博客，如Twitter、微信公众号等,3- 开放获取的学术杂志和书籍，如PLOS等,4- 开放科学相关的学术和行业团体，如COSN等,5- 包含关于开放科学理论和实践的传统书籍和文章,7- 导师、同学或学校/学院的宣传",,3- 中立,1- 非常不愿意,3- 中等,"5- 国际合作政策或行政限制的挑战,9- 科研评价和激励机制存在国际差异,10- 政治和经济因素对合作的潜在影响",,"1- 学校图书馆所购买的文献资源,2- 谷歌学术、web of science等免费索引引擎,4- SCI-HUB",,,,,60,,,,64,,,否（从没做过）,否（从没做过）,否（从没做过）,是（曾做过）,否（从没做过）,否（从没做过）,否（从没做过）,否（从没做过）,否（从没做过）,否（从没做过）,16,17,16,17,17,13,21,12,25,16,或许可以接受,或许可以接受,或许可以接受,或许可以接受,或许可以接受,或许可以接受,或许可以接受,或许可以接受,或许可以接受,不可以接受,4- 重要性较高,是（需要抽取人类被试作为样本）,3- 中等,79,女,,38,副教授,,,,,,,哲学（包括哲学、应用伦理）,2016年,18,,
2024-01-30 20:30:11,2024-01-30 20:30:17,IP Address,42.80.77.56,3,5,False,2024-02-06 20:30:19,R_48NUp4S1TK0ag6p,,,,,,,qr,ZH-S,,,,,,,,,,,,,,,,,,,,,,,,,,,,,,,,,,,,,,,,,,,,,,,,,,,,,,,,,,,,,,,,,,,,,,,,,,,,,,,,,,,,,,,,,,,,,,,,,,,,,,,,,,,
2024-01-30 21:59:58,2024-01-30 22:00:02,IP Address,120.244.24.188,3,3,False,2024-02-06 22:00:04,R_49eBIdjz7wr2PbH,,,,,,,qr,ZH-S,,,,,,,,,,,,,,,,,,,,,,,,,,,,,,,,,,,,,,,,,,,,,,,,,,,,,,,,,,,,,,,,,,,,,,,,,,,,,,,,,,,,,,,,,,,,,,,,,,,,,,,,,,,
2024-01-30 23:20:44,2024-01-30 23:21:14,IP Address,223.104.41.102,8,29,False,2024-02-06 23:21:16,R_4v647zbqaHLz8ml,,,,,,,qr,ZH-S,好的，我已知情,好的，我已知情,,,,,,,,,,,,,,,,,,,,,,,,,,,,,,,,,,,,,,,,,,,,,,,,,,,,,,,,,,,,,,,,,,,,,,,,,,,,,,,,,,,,,,,,,,,,,,,,,,,,,,,,,
2024-01-31 08:59:02,2024-01-31 08:59:07,IP Address,120.71.126.251,3,5,False,2024-02-07 08:59:11,R_4nUchmDc3dGPOT6,,,,,,,qr,ZH-S,,,,,,,,,,,,,,,,,,,,,,,,,,,,,,,,,,,,,,,,,,,,,,,,,,,,,,,,,,,,,,,,,,,,,,,,,,,,,,,,,,,,,,,,,,,,,,,,,,,,,,,,,,,
2024-02-08 05:48:14,2024-02-08 06:06:43,IP Address,220.205.248.32,100,1108,True,2024-02-08 06:06:44,R_4L1sy93mfOjt870,,,,,31.8564,117.2661,qr,ZH-S,好的，我已知情,好的，我已知情,"6- 预印本（Preprints）
（无论投稿与否，在完成文章的写作后，将研究论文公开发布到受认可的预出版平台，如arXiv、bioRxiv）
,7- 开放获取（Open Access Publication）
（将经过同行评审的论文或其他出版物开放，任何人均可免费阅读和下载全文）
",,,,,,5- 非常认同,5- 非常认同,,,,,,,2- 没有做过,2- 没有做过,,,,,,,2- 概率较低,4- 概率较高,,,,,,,,,,,,"3- 未经同行评审的预印本文章可信度较低，容易出现错误结论影响公众认知和信任,4- 预印本的开放性可能导致一些学术不端的行为，例如数据造假、抄袭等,5- 预印本平台权威性不如传统期刊，发表对我的职业生涯没有明显的积极影响,6- 担心他人看到我的预印本而抢发文章,7- 将研究成果发布在预印本上会影响我的著作权,11- 大多数科研机构和高校不认可预印本，在毕业、职称评定及项目申请方面无法与期刊论文等效",,"1- 有关开放科学的学术会议和讲座等,3- 开放获取的学术杂志和书籍，如PLOS等,4- 开放科学相关的学术和行业团体，如COSN等,5- 包含关于开放科学理论和实践的传统书籍和文章",,5- 非常愿意,3-中立,1- 非常困难,"3- 国际数据共享的法律限制与隐私保护问题,4- 研究资金和资源的不足,5- 国际合作政策或行政限制的挑战,6- 学术出版的版权问题和开放获取难题,7- 研究领域专业化与技术壁垒",,"1- 学校图书馆所购买的文献资源,2- 谷歌学术、web of science等免费索引引擎,3- 知网、万方以及维普等专业付费的学术数据库（学校未购买，需个人付费）,5- 期刊杂志官网付费获取,6- ChinaXiv、arXiv以及bioRxiv等预印本平台",,,,,,,,,,1,,否（从没做过）,否（从没做过）,否（从没做过）,否（从没做过）,否（从没做过）,否（从没做过）,否（从没做过）,否（从没做过）,否（从没做过）,否（从没做过）,,,2,,,,,,,,不可以接受,不可以接受,不可以接受,不可以接受,不可以接受,不可以接受,不可以接受,不可以接受,不可以接受,不可以接受,5- 重要性非常高,是（需要抽取人类被试作为样本）,5- 样本代表性非常高,51,女,,54,副教授,,,,,,,管理学（包括工商管理、公共管理等）,我没有进行过任何开放科学实践,22,,
2024-02-01 07:26:03,2024-02-01 07:27:06,IP Address,183.221.94.7,16,63,False,2024-02-08 07:27:07,R_403a1CT3mfLhVJL,,,,,,,qr,ZH-S,好的，我已知情,好的，我已知情,"4- 开放数据（Open Data）
（将研究数据在受认可的平台上发布，可以完全公开、部分公开或者受限访问）
,7- 开放获取（Open Access Publication）
（将经过同行评审的论文或其他出版物开放，任何人均可免费阅读和下载全文）
",,,,3- 中立,,,3- 中立,,,,,2- 没有做过,,,2- 没有做过,,,,,,,,,,,,,,,,,,,,,,,,,,,,,,,,,,,,,,,,,,,,,,,,,,,,,,,,,,,,,,,,,,,,,,,,,,,,,,,,,,,,,,,,,
2024-02-15 03:47:42,2024-02-15 20:07:00,IP Address,112.10.179.131,100,58758,True,2024-02-15 20:07:01,R_4hXzb2ZYz5Bw5VL,,,,,30.2994,120.1612,anonymous,ZH-S,好的，我已知情,好的，我已知情,"2- 注册报告（Registered Reports）
（一种新的文章类型，期刊分两阶段进行审稿，第一阶段针对研究方案审稿并决定是否原则上接收，第二阶段针对最终结果审稿，主要考虑是否按照原计划进行）
,7- 开放获取（Open Access Publication）
（将经过同行评审的论文或其他出版物开放，任何人均可免费阅读和下载全文）
",,5- 非常认同,,,,,5- 非常认同,,,"1- 我做过（包括身为主要作者做过或参与过相关项目）
",,,,,"1- 我做过（包括身为主要作者做过或参与过相关项目）
",,,5- 概率非常高,,,,,5- 概率非常高,,,,,,,,,,没有任何因素会影响我投稿注册报告,,,,1- 有关开放科学的学术会议和讲座等,,5- 非常愿意,1- 非常不愿意,3- 中等,"1- 存在语言障碍，导致沟通困难,2- 学术文化和研究习惯的差异,3- 国际数据共享的法律限制与隐私保护问题,5- 国际合作政策或行政限制的挑战,10- 政治和经济因素对合作的潜在影响",,"1- 学校图书馆所购买的文献资源,2- 谷歌学术、web of science等免费索引引擎,3- 知网、万方以及维普等专业付费的学术数据库（学校未购买，需个人付费）,4- SCI-HUB",,,,80,,,,0,,,,否（从没做过）,否（从没做过）,否（从没做过）,否（从没做过）,否（从没做过）,否（从没做过）,否（从没做过）,否（从没做过）,否（从没做过）,否（从没做过）,,,,,,,,,,,不可以接受,不可以接受,不可以接受,不可以接受,不可以接受,不可以接受,不可以接受,不可以接受,不可以接受,不可以接受,5- 重要性非常高,否（不需要抽取人类被试）,,,女,,55,博士在读/毕业,,,,,,,心理学（心理学直接选择此项）,记不清了,50,,
2024-02-15 20:14:32,2024-02-15 20:19:38,IP Address,112.10.179.131,34,305,False,2024-02-22 20:19:40,R_4lfkUlLKsp1m20V,,,,,,,qr,ZH-S,好的，我已知情,好的，我已知情,0- 没有我知道的选项,,,,,,,,,,,,,,,,,,,,,,,,,,,,,,,,,,,,,,,,,,,,,,,,,,,,,,,,,,,,,,,,,,,,,,,,,,,,,,,,,,,,,,,,,,,,,,,,,,,,,,,,
