StartDate,EndDate,Status,IPAddress,Progress,Duration (in seconds),Finished,RecordedDate,ResponseId,RecipientLastName,RecipientFirstName,RecipientEmail,ExternalReference,LocationLatitude,LocationLongitude,DistributionChannel,UserLanguage,Q2,Q3,Q4,Q5_1,Q5_2,Q5_3,Q5_4,Q5_5,Q5_6,Q5_7,Q5_8,Q6_1,Q6_2,Q6_3,Q6_4,Q6_5,Q6_6,Q6_7,Q6_8,Q7_1,Q7_2,Q7_3,Q7_4,Q7_5,Q7_6,Q7_7,Q7_8,Q8,Q8_16_TEXT,Q9,Q9_22_TEXT,Q10,Q10_20_TEXT,Q11,Q11_17_TEXT,Q12,Q12_14_TEXT,Q13,Q13_17_TEXT,Q14,Q14_7_TEXT,Q15,Q16,Q17,Q18,Q18_11_TEXT,Q19,Q19_14_TEXT,Q20_15,Q20_16,Q20_17,Q20_18,Q20_19,Q20_20,Q20_21,Q20_22,Q20_23,Q20_25,Q22_1,Q22_2,Q22_3,Q22_4,Q22_5,Q22_6,Q22_7,Q22_8,Q22_9,Q22_10,Q21_4,Q21_5,Q21_6,Q21_7,Q21_8,Q21_9,Q21_10,Q21_11,Q21_12,Q21_14,Q23_1,Q23_2,Q23_3,Q23_4,Q23_5,Q23_6,Q23_7,Q23_8,Q23_9,Q23_10,Q24,Q25,Q26,Q27_9,Q28,Q28_6_TEXT,Q29,Q30,Q30_33_TEXT,Q31_1,Q31_2,Q31_3,Q31_4,Q32,Q33,Q34,Q35_1,Q36,Q38
Start Date,End Date,Response Type,IP Address,Progress,Duration (in seconds),Finished,Recorded Date,Response ID,Recipient Last Name,Recipient First Name,Recipient Email,External Data Reference,Location Latitude,Location Longitude,Distribution Channel,User Language,"知情同意书：

	调查目的：了解中国研究者对开放科学的态度及实践情况。
	您需要做什么：本调查的形式为问卷调查。在调查中，需要您结合自身的实际情况，对问卷进行作答。具体如何进行作答，我们将在问卷前，以及每道题目的指导语中进行详细说明。
	所需时间：本问卷包括一些追问的项目，您最多需要回答37题，作答时间大约10-15分钟。
	风险：参加本次实验没有任何可预见的风险，但可能由于问卷题目而感到疲劳或者无聊。若谈及开放科学相关问题会令您感到不适，您可以放弃作答该问卷。
	收益：您的参与将帮助我们更好地了解国内开放科学的发展状况，也可以帮助您了解开放科学的一些知识。 此外，每有一份有效数据，我们将向腾讯公益的农村青少年抑郁症援助项目捐款0.5元。
	完整内容请见线上文档：https://docs.qq.com/doc/DSFNYS2RnWk5pcGF2","公开数据知情同意书：
       本次问卷调查由您作答，因此您是这些数据的直接拥有者。我们计划将本研究的数据上传至网络公共数据库，并予以完全公开。这样做的目的在于充分利用公共资金，其他研究者或许就无需再花费资源去收集类似数据。此举也将最大化您对科学研究和人类社会的贡献。

       请注意，公开本问卷调查数据意味着您所提供的信息将可能被未来的其他研究项目所使用，这些项目可能与本研究的主题相关，也可能完全无关。

       我们将确保共享的数据中不包含您的姓名或任何可以直接追溯到您的信息。此外，为了保护您的隐私，我们还将对其他可能的敏感信息进行保密处理，确保认识您的人无法通过这些数据猜测出您的身份。",您知道以下哪些研究实践？（勾选所有你知道的选项）,"您对下列研究实践的态度是？ - 1- 预注册（Study Preregistration）

（例如，在数据收集之前将研究设计、假设和分析计划等提交到特定的预注册平台）","您对下列研究实践的态度是？ - 2- 注册报告（Registered Reports）

（一种新的文章类型，期刊分两阶段进行审稿，第一阶段针对研究方案审稿并决定是否原则上接收，第二阶段针对最终结果审稿，主要考虑是否按照原计划进行）","您对下列研究实践的态度是？ - 3- 重复性研究（Replication Studies）

（对先前发表的研究进行重复、验证的研究）","您对下列研究实践的态度是？ - 4- 开放数据（Open Data）

（将研究数据在受认可的平台上发布，可以完全公开、部分公开或者受限访问）","您对下列研究实践的态度是？ - 5- 开放代码（Open Code）

（将研究中使用的代码，如统计分析代码，在受认可的平台上公开发布）","您对下列研究实践的态度是？ - 6- 预印本（Preprints）

（无论投稿与否，在完成文章的写作后，将研究论文公开发布到受认可的预出版平台，如arXiv、bioRxiv）","您对下列研究实践的态度是？ - 7- 开放获取（Open Access Publication）

（将经过同行评审的论文或其他出版物开放，任何人均可免费阅读和下载全文）","您对下列研究实践的态度是？ - 8- 开放式的同行评审（Open Peer Review）

（公开审稿人的审稿意见，通常还包括发布其余的同行评审资料，即作者的回复和编辑的建议）","您过去进行过下列哪些研究实践？ - 1- 预注册（Study Preregistration）

（例如，在数据收集之前将研究设计、假设和分析计划等提交到特定的预注册平台）","您过去进行过下列哪些研究实践？ - 2- 注册报告（Registered Reports）

（一种新的文章类型，期刊分两阶段进行审稿，第一阶段针对研究方案审稿并决定是否原则上接收，第二阶段针对最终结果审稿，主要考虑是否按照原计划进行）","您过去进行过下列哪些研究实践？ - 3- 重复性研究（Replication Studies）

（对先前发表的研究进行重复、验证的研究）","您过去进行过下列哪些研究实践？ - 4- 开放数据（Open Data）

（将研究数据在受认可的平台上发布，可以完全公开、部分公开或者受限访问）","您过去进行过下列哪些研究实践？ - 5- 开放代码（Open Code）

（将研究中使用的代码，如统计分析代码，在受认可的平台上公开发布）","您过去进行过下列哪些研究实践？ - 6- 预印本（Preprints）

（无论投稿与否，在完成文章的写作后，将研究论文公开发布到受认可的预出版平台，如arXiv、bioRxiv）","您过去进行过下列哪些研究实践？ - 7- 开放获取（Open Access Publication）

（将经过同行评审的论文或其他出版物开放，任何人均可免费阅读和下载全文）","您过去进行过下列哪些研究实践？ - 8- 开放式的同行评审（Open Peer Review）

（公开审稿人的审稿意见，通常还包括发布其余的同行评审资料，即作者的回复和编辑的建议）","您在不久的将来进行下列研究实践的概率是？ - 1- 预注册（Study Preregistration）

（例如，在数据收集之前将研究设计、假设和分析计划等提交到特定的预注册平台）","您在不久的将来进行下列研究实践的概率是？ - 2- 注册报告（Registered Reports）

（一种新的文章类型，期刊分两阶段进行审稿，第一阶段针对研究方案审稿并决定是否原则上接收，第二阶段针对最终结果审稿，主要考虑是否按照原计划进行）","您在不久的将来进行下列研究实践的概率是？ - 3- 重复性研究（Replication Studies）

（对先前发表的研究进行重复、验证的研究）","您在不久的将来进行下列研究实践的概率是？ - 4- 开放数据（Open Data）

（将研究数据在受认可的平台上发布，可以完全公开、部分公开或者受限访问）","您在不久的将来进行下列研究实践的概率是？ - 5- 开放代码（Open Code）

（将研究中使用的代码，如统计分析代码，在受认可的平台上公开发布）","您在不久的将来进行下列研究实践的概率是？ - 6- 预印本（Preprints）

（无论投稿与否，在完成文章的写作后，将研究论文公开发布到受认可的预出版平台，如arXiv、bioRxiv）","您在不久的将来进行下列研究实践的概率是？ - 7- 开放获取（Open Access Publication）

（将经过同行评审的论文或其他出版物开放，任何人均可免费阅读和下载全文）","您在不久的将来进行下列研究实践的概率是？ - 8- 开放式的同行评审（Open Peer Review）

（公开审稿人的审稿意见，通常还包括发布其余的同行评审资料，即作者的回复和编辑的建议）",下列哪些因素会影响您进行重复性研究的积极性 - Selected Choice,下列哪些因素会影响您进行重复性研究的积极性 - 11- 有其他障碍，比如____ - Text,下列哪些因素会影响您公开数据的积极性 - Selected Choice,下列哪些因素会影响您公开数据的积极性 - 17- 我有其他顾虑，比如____ - Text,下列哪些因素会影响您公开代码的积极性 - Selected Choice,下列哪些因素会影响您公开代码的积极性 - 14- 我有其他顾虑，比如____ - Text,下列哪些因素会影响您给开放同行评审的期刊投稿的积极性，或影响您参与到开放同行评审模式里的积极性 - Selected Choice,下列哪些因素会影响您给开放同行评审的期刊投稿的积极性，或影响您参与到开放同行评审模式里的积极性 - 14- 我有其他顾虑，比如____ - Text,下列哪些因素会影响您以注册报告形式投稿的积极性 - Selected Choice,下列哪些因素会影响您以注册报告形式投稿的积极性 - 9- 其他的因素，例如____ - Text,下列哪些因素会影响您上传或阅读他人预印本的积极性 - Selected Choice,下列哪些因素会影响您上传或阅读他人预印本的积极性 - 12- 我有其他顾虑，比如____ - Text,您通过何种渠道了解到上述研究实践 - Selected Choice,您通过何种渠道了解到上述研究实践 - 8- 其他： - Text,您在多大程度上愿意参加国际开放科学的合作，例如多实验室项目(ManyLab projects),本题请直接选择“非常不愿意”,您认为作为一个中国研究者，参与国际开放科学合作的难度是,您认为中国研究者参与国际开放科学和作困难的原因有哪些 - Selected Choice,您认为中国研究者参与国际开放科学和作困难的原因有哪些 - 11- 其他 - Text,您在获取文献的时候一般通过哪些渠道 - Selected Choice,您在获取文献的时候一般通过哪些渠道 - 10- 其他____ - Text,*从0%~100% - 1- 未报告那些没达到统计显著性（例如，p 值小于 0.05）的研究或关键变量。,*从0%~100% - 2- 先看结果是否具有统计显著性后，再决定收集更多的数据。,*从0%~100% - 3- 为了使关键变量达到统计显著性（例如，p 值小于 0.05），添加或删减协变量。,*从0%~100% - 4- 虽然进行了其他的分析但没有报告，而仅报告一部分结果并当为全部的分析内容。,*从0%~100% - 5- 把 p 值调整至预设阈值以内（例如，将 p = .054 报告为 p = .05）。,*从0%~100% - 6- 当最初选定的统计分析方法未能达到显著性时，转而采用其他统计分析方法，如从 logit模型改用 OLS（普通最小二乘法）。,*从0%~100% - 7- 先判断其对统计显著性的影响后，再决定剔除某些数据点，比如异常值。,*从0%~100% - 8- 将未预期的发现或探索性分析的结果报告为一开始就已预测的结果。,*从0%~100% - 9- 通过多重插补或均值替代等方式对缺失数据进行填充，但未报告有填充。,*从0%~100% - 10- 篡改研究数据（包括从篡改极少量的数据点到完全伪造数据的行为）,*我们将对您填写的信息完全保密，请放心填写 - 1- 未报告那些没达到统计显著性（例如，p 值小于 0.05）的研究或关键变量。,*我们将对您填写的信息完全保密，请放心填写 - 2- 先看结果是否具有统计显著性后，再决定收集更多的数据。,*我们将对您填写的信息完全保密，请放心填写 - 3- 为了使关键变量达到统计显著性（例如，p 值小于 0.05），添加或删减协变量。,*我们将对您填写的信息完全保密，请放心填写 - 4- 虽然进行了其他的分析但没有报告，而仅报告一部分结果并当为全部的分析内容。,*我们将对您填写的信息完全保密，请放心填写 - 5- 把 p 值调整至预设阈值以内（例如，将 p = .054 报告为 p = .05）。,*我们将对您填写的信息完全保密，请放心填写 - 6- 当最初选定的统计分析方法未能达到显著性时，转而采用其他统计分析方法，如从 logit模型改用 OLS（普通最小二乘法）。,*我们将对您填写的信息完全保密，请放心填写 - 7- 先判断其对统计显著性的影响后，再决定剔除某些数据点，比如异常值。,*我们将对您填写的信息完全保密，请放心填写 - 8- 将未预期的发现或探索性分析的结果报告为一开始就已预测的结果。,*我们将对您填写的信息完全保密，请放心填写 - 9- 通过多重插补或均值替代等方式对缺失数据进行填充，但未报告有填充。,*我们将对您填写的信息完全保密，请放心填写 - 10- 篡改研究数据（包括从篡改极少量的数据点到完全伪造数据的行为）,*从0%~100% - 1- 未报告那些没达到统计显著性（例如，p 值小于 0.05）的研究或关键变量。,*从0%~100% - 2- 先看结果是否具有统计显著性后，再决定收集更多的数据。,*从0%~100% - 3- 为了使关键变量达到统计显著性（例如，p 值小于 0.05），添加或删减协变量。,*从0%~100% - 4- 虽然进行了其他的分析但没有报告，而仅报告一部分结果并当为全部的分析内容。,*从0%~100% - 5- 把 p 值调整至预设阈值以内（例如，将 p = .054 报告为 p = .05）。,*从0%~100% - 6- 当最初选定的统计分析方法未能达到显著性时，转而采用其他统计分析方法，如从 logit模型改用 OLS（普通最小二乘法）。,*从0%~100% - 7- 先判断其对统计显著性的影响后，再决定剔除某些数据点，比如异常值。,*从0%~100% - 8- 将未预期的发现或探索性分析的结果报告为一开始就已预测的结果。,*从0%~100% - 9- 通过多重插补或均值替代等方式对缺失数据进行填充，但未报告有填充。,*从0%~100% - 10- 篡改研究数据（包括从篡改极少量的数据点到完全伪造数据的行为）,您认为该行为的可接受程度是 - 1- 未报告那些没达到统计显著性（例如，p 值小于 0.05）的研究或关键变量。,您认为该行为的可接受程度是 - 2- 先看结果是否具有统计显著性后，再决定收集更多的数据。,您认为该行为的可接受程度是 - 3- 为了使关键变量达到统计显著性（例如，p 值小于 0.05），添加或删减协变量。,您认为该行为的可接受程度是 - 4- 虽然进行了其他的分析但没有报告，而仅报告一部分结果并当为全部的分析内容。,您认为该行为的可接受程度是 - 5- 把 p 值调整至预设阈值以内（例如，将 p = .054 报告为 p = .05）。,您认为该行为的可接受程度是 - 6- 当最初选定的统计分析方法未能达到显著性时，转而采用其他统计分析方法，如从 logit模型改用 OLS（普通最小二乘法）。,您认为该行为的可接受程度是 - 7- 先判断其对统计显著性的影响后，再决定剔除某些数据点，比如异常值。,您认为该行为的可接受程度是 - 8- 将未预期的发现或探索性分析的结果报告为一开始就已预测的结果。,您认为该行为的可接受程度是 - 9- 通过多重插补或均值替代等方式对缺失数据进行填充，但未报告有填充。,您认为该行为的可接受程度是 - 10- 篡改研究数据（包括从篡改极少量的数据点到完全伪造数据的行为）,不论是对于自然科学还是社会科学，您认为研究结论的可推广性（Generalizability）以及样本（实验对象）的代表性（Representativeness）有多重要？,您所在的学科领域是否需要抽取人类被试作为样本？,请估计您所在的学科领域中样本代表性的高低,"在您过去或未来的研究中，使用便利抽样（Convenience Sampling）获得的样本在所有研究样本中所占的比例是（单位：%）

（*便利抽样：指研究者从方便获取或最容易接触到的人群中抽取样本） - 比例",您的性别是 - Selected Choice,您的性别是 - 其他____ - Text,您的年龄是,您的职业发展阶段是 - Selected Choice,您的职业发展阶段是 - 其他（请写明）____ - Text,您进行博士项目的学校位于境内（中国大陆）还是境外（含港澳台地区）？距离博士毕业已经多少年了？ - 境内（中国大陆）,您进行博士项目的学校位于境内（中国大陆）还是境外（含港澳台地区）？距离博士毕业已经多少年了？ - 境外（含港澳台地区）,您进行博士项目的学校位于境内（中国大陆）还是境外（含港澳台地区）？距离博士毕业已经多少年了？ - 其他（联合培养等）,您进行博士项目的学校位于境内（中国大陆）还是境外（含港澳台地区）？距离博士毕业已经多少年了？ - 未进行过博士项目学习,（若您博士在读或毕业）您进行博士项目的学校名称是,您目前所在的学科领域是,若您进行过前面提到的任意开放科学实践，您最早一次实践是哪一年？,请估计您所在的学科领域中，至少进行过一次开放科学实践的研究者比例是多少？（单位：%） - 估计至少进行过一次开放科学实践的研究者比例,问卷即将结束，若您对本次问卷有建议或其他想要评论的内容可以写在这里：,"尊敬的参与者：

       感谢您花时间完成本次问卷调查调查，我们深知您的时间宝贵，您的见解对我们的研究至关重要。 

       为了进一步深入了解此领域，我们正在进行另一项相关研究，探讨研究者对开放科学实践的态度如何影响行为意向。如果您对此也感兴趣，并愿意为科学研究做出更多贡献，我们诚邀您参加这项后续调查。 

       作为感谢，所有完成后续问卷的参与者能够获得红包惊喜。如果您愿意参与后续的调查，请留下您的邮箱地址。我们保证您的信息将仅用于本研究目的，并将严格保密。

       再次感谢您的宝贵时间和支持！(･ω･)ﾉ"
"{""ImportId"":""startDate"",""timeZone"":""America/Denver""}","{""ImportId"":""endDate"",""timeZone"":""America/Denver""}","{""ImportId"":""status""}","{""ImportId"":""ipAddress""}","{""ImportId"":""progress""}","{""ImportId"":""duration""}","{""ImportId"":""finished""}","{""ImportId"":""recordedDate"",""timeZone"":""America/Denver""}","{""ImportId"":""_recordId""}","{""ImportId"":""recipientLastName""}","{""ImportId"":""recipientFirstName""}","{""ImportId"":""recipientEmail""}","{""ImportId"":""externalDataReference""}","{""ImportId"":""locationLatitude""}","{""ImportId"":""locationLongitude""}","{""ImportId"":""distributionChannel""}","{""ImportId"":""userLanguage""}","{""ImportId"":""QID2""}","{""ImportId"":""QID3""}","{""ImportId"":""QID78""}","{""ImportId"":""QID80_1""}","{""ImportId"":""QID80_2""}","{""ImportId"":""QID80_3""}","{""ImportId"":""QID80_4""}","{""ImportId"":""QID80_5""}","{""ImportId"":""QID80_6""}","{""ImportId"":""QID80_7""}","{""ImportId"":""QID80_8""}","{""ImportId"":""QID81_1""}","{""ImportId"":""QID81_2""}","{""ImportId"":""QID81_3""}","{""ImportId"":""QID81_4""}","{""ImportId"":""QID81_5""}","{""ImportId"":""QID81_6""}","{""ImportId"":""QID81_7""}","{""ImportId"":""QID81_8""}","{""ImportId"":""QID82_1""}","{""ImportId"":""QID82_2""}","{""ImportId"":""QID82_3""}","{""ImportId"":""QID82_4""}","{""ImportId"":""QID82_5""}","{""ImportId"":""QID82_6""}","{""ImportId"":""QID82_7""}","{""ImportId"":""QID82_8""}","{""ImportId"":""QID14""}","{""ImportId"":""QID14_16_TEXT""}","{""ImportId"":""QID42""}","{""ImportId"":""QID42_22_TEXT""}","{""ImportId"":""QID21""}","{""ImportId"":""QID21_20_TEXT""}","{""ImportId"":""QID26""}","{""ImportId"":""QID26_17_TEXT""}","{""ImportId"":""QID48""}","{""ImportId"":""QID48_14_TEXT""}","{""ImportId"":""QID62""}","{""ImportId"":""QID62_17_TEXT""}","{""ImportId"":""QID5""}","{""ImportId"":""QID5_7_TEXT""}","{""ImportId"":""QID66""}","{""ImportId"":""QID87""}","{""ImportId"":""QID67""}","{""ImportId"":""QID85""}","{""ImportId"":""QID85_11_TEXT""}","{""ImportId"":""QID51""}","{""ImportId"":""QID51_14_TEXT""}","{""ImportId"":""QID32_15""}","{""ImportId"":""QID32_16""}","{""ImportId"":""QID32_17""}","{""ImportId"":""QID32_18""}","{""ImportId"":""QID32_19""}","{""ImportId"":""QID32_20""}","{""ImportId"":""QID32_21""}","{""ImportId"":""QID32_22""}","{""ImportId"":""QID32_23""}","{""ImportId"":""QID32_25""}","{""ImportId"":""QID34_14""}","{""ImportId"":""QID34_15""}","{""ImportId"":""QID34_16""}","{""ImportId"":""QID34_17""}","{""ImportId"":""QID34_18""}","{""ImportId"":""QID34_19""}","{""ImportId"":""QID34_20""}","{""ImportId"":""QID34_21""}","{""ImportId"":""QID34_22""}","{""ImportId"":""QID34_24""}","{""ImportId"":""QID33_4""}","{""ImportId"":""QID33_5""}","{""ImportId"":""QID33_6""}","{""ImportId"":""QID33_7""}","{""ImportId"":""QID33_8""}","{""ImportId"":""QID33_9""}","{""ImportId"":""QID33_10""}","{""ImportId"":""QID33_11""}","{""ImportId"":""QID33_12""}","{""ImportId"":""QID33_14""}","{""ImportId"":""QID35_14""}","{""ImportId"":""QID35_15""}","{""ImportId"":""QID35_16""}","{""ImportId"":""QID35_17""}","{""ImportId"":""QID35_18""}","{""ImportId"":""QID35_19""}","{""ImportId"":""QID35_20""}","{""ImportId"":""QID35_21""}","{""ImportId"":""QID35_22""}","{""ImportId"":""QID35_26""}","{""ImportId"":""QID28""}","{""ImportId"":""QID83""}","{""ImportId"":""QID29""}","{""ImportId"":""QID30_9""}","{""ImportId"":""QID69""}","{""ImportId"":""QID69_6_TEXT""}","{""ImportId"":""QID70_TEXT""}","{""ImportId"":""QID71""}","{""ImportId"":""QID71_33_TEXT""}","{""ImportId"":""QID72_4""}","{""ImportId"":""QID72_5""}","{""ImportId"":""QID72_6""}","{""ImportId"":""QID72_8""}","{""ImportId"":""QID73_TEXT""}","{""ImportId"":""QID74""}","{""ImportId"":""QID75""}","{""ImportId"":""QID76_1""}","{""ImportId"":""QID84_TEXT""}","{""ImportId"":""QID88_TEXT""}"
2024-01-31 18:22:06,2024-01-31 18:36:01,IP Address,117.155.248.100,100,834,True,2024-01-31 18:36:02,R_4gLNsjujuR7MIKA,,,,,30.2442,115.0772,qr,ZH-S,好的，我已知情,好的，我已知情,"4- 开放数据（Open Data）
（将研究数据在受认可的平台上发布，可以完全公开、部分公开或者受限访问）
,5- 开放代码（Open Code）
（将研究中使用的代码，如统计分析代码，在受认可的平台上公开发布）
,6- 预印本（Preprints）
（无论投稿与否，在完成文章的写作后，将研究论文公开发布到受认可的预出版平台，如arXiv、bioRxiv）
,7- 开放获取（Open Access Publication）
（将经过同行评审的论文或其他出版物开放，任何人均可免费阅读和下载全文）
",,,,4- 比较认同,5- 非常认同,5- 非常认同,5- 非常认同,,,,,2- 没有做过,2- 没有做过,2- 没有做过,"1- 我做过（包括身为主要作者做过或参与过相关项目）
",,,,,3- 中等,2- 概率较低,3- 中等,4- 概率较高,,,,"2- 缺少能长期稳定存储数据的方案，短期的存储需要经常维护，不方便,8- 他人不正确或不恰当地使用我的数据，导致得到错误或带有误导性的结果",,没有任何因素会影响我公开代码的积极型,,,,,,没有任何因素会影响我的积极性,,"2- 社交媒体和博客，如Twitter、微信公众号等,5- 包含关于开放科学理论和实践的传统书籍和文章,6- 开放科学相关的工具，如Github等",,5- 非常愿意,1- 非常不愿意,2- 比较困难,"1- 存在语言障碍，导致沟通困难,2- 学术文化和研究习惯的差异,9- 科研评价和激励机制存在国际差异,10- 政治和经济因素对合作的潜在影响",,"1- 学校图书馆所购买的文献资源,2- 谷歌学术、web of science等免费索引引擎,3- 知网、万方以及维普等专业付费的学术数据库（学校未购买，需个人付费）,4- SCI-HUB",,80,83,85,86,88,85,89,58,75,32,否（从没做过）,是（曾做过）,否（从没做过）,否（从没做过）,否（从没做过）,是（曾做过）,否（从没做过）,是（曾做过）,否（从没做过）,否（从没做过）,81,94,64,84,49,77,75,50,62,18,不可以接受,或许可以接受,或许可以接受,不可以接受,不可以接受,或许可以接受,不可以接受,不可以接受,不可以接受,不可以接受,3- 中等,是（需要抽取人类被试作为样本）,3- 中等,73,男,,43,讲师,,,,,,,心理学（心理学直接选择此项）,记不清了,67,,yunwuji4@hotmail.com
2024-01-31 18:02:10,2024-01-31 18:02:24,IP Address,39.144.153.127,8,14,False,2024-02-07 18:02:30,R_4OSyczBAPe1z6Vn,,,,,,,qr,ZH-S,好的，我已知情,好的，我已知情,,,,,,,,,,,,,,,,,,,,,,,,,,,,,,,,,,,,,,,,,,,,,,,,,,,,,,,,,,,,,,,,,,,,,,,,,,,,,,,,,,,,,,,,,,,,,,,,,,,,,,,,,
2024-02-13 21:10:04,2024-02-13 21:21:29,IP Address,223.107.57.50,100,685,True,2024-02-13 21:21:30,R_4uxO5MibhQqOHrR,,,,,34.1823,117.1519,anonymous,ZH-S,好的，我已知情,好的，我已知情,"1- 预注册（Study Preregistration）
（例如，在数据收集之前将研究设计、假设和分析计划等提交到特定的预注册平台）,3- 重复性研究（Replication Studies）
（对先前发表的研究进行重复、验证的研究）
,4- 开放数据（Open Data）
（将研究数据在受认可的平台上发布，可以完全公开、部分公开或者受限访问）
,5- 开放代码（Open Code）
（将研究中使用的代码，如统计分析代码，在受认可的平台上公开发布）
,6- 预印本（Preprints）
（无论投稿与否，在完成文章的写作后，将研究论文公开发布到受认可的预出版平台，如arXiv、bioRxiv）
,7- 开放获取（Open Access Publication）
（将经过同行评审的论文或其他出版物开放，任何人均可免费阅读和下载全文）
",4- 比较认同,,5- 非常认同,5- 非常认同,5- 非常认同,4- 比较认同,5- 非常认同,,2- 没有做过,,2- 没有做过,2- 没有做过,2- 没有做过,2- 没有做过,2- 没有做过,,4- 概率较高,,2- 概率较低,5- 概率非常高,5- 概率非常高,3- 中等,5- 概率非常高,,"2- 原始的研究方法没有公开,3- 没有充足的时间，我想在有限的时间内为推进新的理论做出贡献，而不是重复过去的研究,6- 我的导师或领导不希望我进行重复性研究,7- 有些原作者很反感别人来重复自己的研究,8- 期刊或同行更青睐有新颖成果或阳性的研究，重复性研究不好发表,10- 科研基金资助方对重复性研究的资助很少",,"2- 缺少能长期稳定存储数据的方案，短期的存储需要经常维护，不方便,6- 我的数据缺乏价值，其他研究者不会对我的数据感兴趣,8- 他人不正确或不恰当地使用我的数据，导致得到错误或带有误导性的结果,12- 我的导师、领导或资助者要求我不要公开数据,15- 比较敏感的数据无法获得",,5- 我的代码缺乏价值，其他研究者不会对我的代码感兴趣,,,,,,"1- 没有渠道去了解预印本平台或不了解发布预印本的流程,2- 合作期刊少，不利于预印本文章后续在学术期刊的发表,5- 预印本平台权威性不如传统期刊，发表对我的职业生涯没有明显的积极影响,11- 大多数科研机构和高校不认可预印本，在毕业、职称评定及项目申请方面无法与期刊论文等效",,"1- 有关开放科学的学术会议和讲座等,2- 社交媒体和博客，如Twitter、微信公众号等,5- 包含关于开放科学理论和实践的传统书籍和文章,6- 开放科学相关的工具，如Github等,7- 导师、同学或学校/学院的宣传",,3- 中立,1- 非常不愿意,3- 中等,"3- 国际数据共享的法律限制与隐私保护问题,4- 研究资金和资源的不足,9- 科研评价和激励机制存在国际差异",,"1- 学校图书馆所购买的文献资源,2- 谷歌学术、web of science等免费索引引擎,4- SCI-HUB,6- ChinaXiv、arXiv以及bioRxiv等预印本平台,9- 找朋友帮助或微信等社区求助",,64,86,85,90,89,95,81,86,86,9,否（从没做过）,是（曾做过）,否（从没做过）,是（曾做过）,否（从没做过）,是（曾做过）,是（曾做过）,否（从没做过）,否（从没做过）,否（从没做过）,33,73,35,70,5,65,27,65,21,3,或许可以接受,或许可以接受,或许可以接受,或许可以接受,不可以接受,或许可以接受,或许可以接受,或许可以接受,不可以接受,不可以接受,4- 重要性较高,是（需要抽取人类被试作为样本）,3- 中等,81,女,,23,硕士在读/毕业,,,,,,,心理学（心理学直接选择此项）,2020年,41,,
2024-02-13 21:48:37,2024-02-13 21:59:39,IP Address,223.64.65.128,100,661,True,2024-02-13 21:59:40,R_6geFnef3ZaALpd2,,,,,31.3093,120.602,anonymous,ZH-S,好的，我已知情,好的，我已知情,"1- 预注册（Study Preregistration）
（例如，在数据收集之前将研究设计、假设和分析计划等提交到特定的预注册平台）,3- 重复性研究（Replication Studies）
（对先前发表的研究进行重复、验证的研究）
,4- 开放数据（Open Data）
（将研究数据在受认可的平台上发布，可以完全公开、部分公开或者受限访问）
,6- 预印本（Preprints）
（无论投稿与否，在完成文章的写作后，将研究论文公开发布到受认可的预出版平台，如arXiv、bioRxiv）
,7- 开放获取（Open Access Publication）
（将经过同行评审的论文或其他出版物开放，任何人均可免费阅读和下载全文）
",4- 比较认同,,4- 比较认同,3- 中立,,2- 比较反对,5- 非常认同,,2- 没有做过,,2- 没有做过,2- 没有做过,,2- 没有做过,2- 没有做过,,2- 概率较低,,1- 概率非常低,1- 概率非常低,,2- 概率较低,3- 中等,,"1- 重复他人研究需要原始数据或代码，但有时数据和代码可能不公开或者数据存储不规范，难以获取,2- 原始的研究方法没有公开,6- 我的导师或领导不希望我进行重复性研究,7- 有些原作者很反感别人来重复自己的研究,8- 期刊或同行更青睐有新颖成果或阳性的研究，重复性研究不好发表,11- 有其他障碍，比如____",都在强调创新，做重复研究吃力不讨好,"4- 需要手动操作的流程过于繁琐,7- 他人可能在我的数据里找出错误，然后笑话我或者指责我,8- 他人不正确或不恰当地使用我的数据，导致得到错误或带有误导性的结果,9- 我对我自己的数据有专有权，共享数据会侵犯我的权利,10- 共享敏感数据会导致私密性降低，无法匿名化会带来一些相关问题,11- 我身边的同学或同事不太公开他们的数据，所以我也不想公开我的,13- 收益太小，我不知道开放数据能给我带来怎样的收益，或者这些收益不值得我付出时间,17- 我有其他顾虑，比如____",对我没有任何好处。又麻烦，事又多。,,,,,,,"3- 未经同行评审的预印本文章可信度较低，容易出现错误结论影响公众认知和信任,4- 预印本的开放性可能导致一些学术不端的行为，例如数据造假、抄袭等,5- 预印本平台权威性不如传统期刊，发表对我的职业生涯没有明显的积极影响,6- 担心他人看到我的预印本而抢发文章,10- 缺乏足够的奖励，不足以让我改变习惯,11- 大多数科研机构和高校不认可预印本，在毕业、职称评定及项目申请方面无法与期刊论文等效,12- 我有其他顾虑，比如____",我只是科研新手。我的小导建议我做高质量研究时再申请，小打小闹没必要,"1- 有关开放科学的学术会议和讲座等,2- 社交媒体和博客，如Twitter、微信公众号等,4- 开放科学相关的学术和行业团体，如COSN等,7- 导师、同学或学校/学院的宣传",,4- 比较愿意,1- 非常不愿意,2- 比较困难,"1- 存在语言障碍，导致沟通困难,2- 学术文化和研究习惯的差异,3- 国际数据共享的法律限制与隐私保护问题,9- 科研评价和激励机制存在国际差异,10- 政治和经济因素对合作的潜在影响,11- 其他",没这个氛围，没这个要求，何必自寻多事呢,"1- 学校图书馆所购买的文献资源,2- 谷歌学术、web of science等免费索引引擎,4- SCI-HUB,9- 找朋友帮助或微信等社区求助",,82,83,17,41,6,15,67,61,4,5,是（曾做过）,是（曾做过）,是（曾做过）,否（从没做过）,否（从没做过）,否（从没做过）,是（曾做过）,是（曾做过）,否（从没做过）,否（从没做过）,89,90,84,68,7,12,81,83,5,5,可以接受,可以接受,可以接受,可以接受,或许可以接受,或许可以接受,可以接受,可以接受,不可以接受,不可以接受,4- 重要性较高,是（需要抽取人类被试作为样本）,4- 样本代表性较高,56,男,,29,硕士在读/毕业,,,,,,,心理学（心理学直接选择此项）,我没有进行过任何开放科学实践,9,"我理性非常支持开放科学。但是有诸多担忧。
1，流程不清晰，有种多此一举的感觉
2，激励不明显，没动力
3，担心被侵权，比如数据，预印本
4，觉得我的研究不厉害，没必要",871124892@qq.com
2024-02-13 22:15:46,2024-02-13 22:23:28,IP Address,123.154.124.26,100,461,True,2024-02-13 22:23:29,R_4MAnRWIgbACCSPW,,,,,28.0002,120.6547,anonymous,ZH-S,好的，我已知情,好的，我已知情,"1- 预注册（Study Preregistration）
（例如，在数据收集之前将研究设计、假设和分析计划等提交到特定的预注册平台）,3- 重复性研究（Replication Studies）
（对先前发表的研究进行重复、验证的研究）
,4- 开放数据（Open Data）
（将研究数据在受认可的平台上发布，可以完全公开、部分公开或者受限访问）
,5- 开放代码（Open Code）
（将研究中使用的代码，如统计分析代码，在受认可的平台上公开发布）
,6- 预印本（Preprints）
（无论投稿与否，在完成文章的写作后，将研究论文公开发布到受认可的预出版平台，如arXiv、bioRxiv）
,7- 开放获取（Open Access Publication）
（将经过同行评审的论文或其他出版物开放，任何人均可免费阅读和下载全文）
,8- 开放式的同行评审（Open Peer Review）
（公开审稿人的审稿意见，通常还包括发布其余的同行评审资料，即作者的回复和编辑的建议）",5- 非常认同,,4- 比较认同,5- 非常认同,5- 非常认同,4- 比较认同,5- 非常认同,5- 非常认同,2- 没有做过,,"1- 我做过（包括身为主要作者做过或参与过相关项目）
",2- 没有做过,2- 没有做过,"1- 我做过（包括身为主要作者做过或参与过相关项目）
","1- 我做过（包括身为主要作者做过或参与过相关项目）
","1- 我做过（包括身为主要作者做过或参与过相关项目）
",4- 概率较高,,2- 概率较低,4- 概率较高,3- 中等,4- 概率较高,5- 概率非常高,5- 概率非常高,"3- 没有充足的时间，我想在有限的时间内为推进新的理论做出贡献，而不是重复过去的研究,6- 我的导师或领导不希望我进行重复性研究,8- 期刊或同行更青睐有新颖成果或阳性的研究，重复性研究不好发表,9- 研究机构和出版商没有充分的奖励机制来鼓励重复性研究，从而使得进行重复性研究的人缺乏动力",,"2- 缺少能长期稳定存储数据的方案，短期的存储需要经常维护，不方便,5- 数据规模过大，上传存储不方便,10- 共享敏感数据会导致私密性降低，无法匿名化会带来一些相关问题",,7- 他人不正确或不恰当地使用我的代码，导致得到错误或带有误导性的结果,,"3- 开放同行评审可能会引入更多的非专业人士进行评论，这可能会导致评审人的学术水平参差不齐，从而降低审稿的质量和准确性,4- 公开评审人的身份可能会导致评审人不愿意提出有争议的意见或评论，因为他们可能担心自己会被其他人攻击或诋毁",,,,"3- 未经同行评审的预印本文章可信度较低，容易出现错误结论影响公众认知和信任,11- 大多数科研机构和高校不认可预印本，在毕业、职称评定及项目申请方面无法与期刊论文等效",,"1- 有关开放科学的学术会议和讲座等,3- 开放获取的学术杂志和书籍，如PLOS等,4- 开放科学相关的学术和行业团体，如COSN等,5- 包含关于开放科学理论和实践的传统书籍和文章,6- 开放科学相关的工具，如Github等",,4- 比较愿意,1- 非常不愿意,2- 比较困难,"1- 存在语言障碍，导致沟通困难,8- 时区差异带来的协作挑战",,"1- 学校图书馆所购买的文献资源,2- 谷歌学术、web of science等免费索引引擎,4- SCI-HUB,6- ChinaXiv、arXiv以及bioRxiv等预印本平台",,80,88,71,69,14,86,65,81,18,7,否（从没做过）,是（曾做过）,否（从没做过）,是（曾做过）,否（从没做过）,是（曾做过）,否（从没做过）,是（曾做过）,否（从没做过）,否（从没做过）,54,66,11,76,12,15,25,15,3,0,或许可以接受,或许可以接受,不可以接受,可以接受,不可以接受,不可以接受,或许可以接受,可以接受,不可以接受,不可以接受,4- 重要性较高,是（需要抽取人类被试作为样本）,4- 样本代表性较高,96,女,,22,本科在读/毕业,,,,,,,心理学（心理学直接选择此项）,2023年,83,,
2024-02-13 22:22:11,2024-02-13 22:32:19,IP Address,14.150.75.251,100,607,True,2024-02-13 22:32:20,R_52DqlMmR6E1PcpL,,,,,23.1181,113.2539,anonymous,ZH-S,好的，我已知情,好的，我已知情,"1- 预注册（Study Preregistration）
（例如，在数据收集之前将研究设计、假设和分析计划等提交到特定的预注册平台）,3- 重复性研究（Replication Studies）
（对先前发表的研究进行重复、验证的研究）
,4- 开放数据（Open Data）
（将研究数据在受认可的平台上发布，可以完全公开、部分公开或者受限访问）
,5- 开放代码（Open Code）
（将研究中使用的代码，如统计分析代码，在受认可的平台上公开发布）
,6- 预印本（Preprints）
（无论投稿与否，在完成文章的写作后，将研究论文公开发布到受认可的预出版平台，如arXiv、bioRxiv）
,7- 开放获取（Open Access Publication）
（将经过同行评审的论文或其他出版物开放，任何人均可免费阅读和下载全文）
,8- 开放式的同行评审（Open Peer Review）
（公开审稿人的审稿意见，通常还包括发布其余的同行评审资料，即作者的回复和编辑的建议）",5- 非常认同,,5- 非常认同,5- 非常认同,5- 非常认同,4- 比较认同,5- 非常认同,4- 比较认同,2- 没有做过,,2- 没有做过,"1- 我做过（包括身为主要作者做过或参与过相关项目）
",2- 没有做过,2- 没有做过,2- 没有做过,2- 没有做过,3- 中等,,5- 概率非常高,5- 概率非常高,5- 概率非常高,3- 中等,3- 中等,3- 中等,"1- 重复他人研究需要原始数据或代码，但有时数据和代码可能不公开或者数据存储不规范，难以获取,3- 没有充足的时间，我想在有限的时间内为推进新的理论做出贡献，而不是重复过去的研究,8- 期刊或同行更青睐有新颖成果或阳性的研究，重复性研究不好发表,9- 研究机构和出版商没有充分的奖励机制来鼓励重复性研究，从而使得进行重复性研究的人缺乏动力,10- 科研基金资助方对重复性研究的资助很少",,"7- 他人可能在我的数据里找出错误，然后笑话我或者指责我,8- 他人不正确或不恰当地使用我的数据，导致得到错误或带有误导性的结果",,"9- 共享敏感代码会导致私密性降低，无法匿名化会带来一些相关问题,11- 我身边的同学或同事不太公开他们的代码，所以我也不想公开我的,12- 收益太小，我不知道公开代码能给我带来怎样的收益，或者这些收益不值得我付出时间",,"1- 开放同行评审活动的模式众多，但却没有足够标准的量化方式确定哪一种模式最佳,2- 开放同行评审可能会有大量的评论和反馈，导致评审过程变得太漫长,3- 开放同行评审可能会引入更多的非专业人士进行评论，这可能会导致评审人的学术水平参差不齐，从而降低审稿的质量和准确性,4- 公开评审人的身份可能会导致评审人不愿意提出有争议的意见或评论，因为他们可能担心自己会被其他人攻击或诋毁",,,,"3- 未经同行评审的预印本文章可信度较低，容易出现错误结论影响公众认知和信任,5- 预印本平台权威性不如传统期刊，发表对我的职业生涯没有明显的积极影响",,"1- 有关开放科学的学术会议和讲座等,2- 社交媒体和博客，如Twitter、微信公众号等,3- 开放获取的学术杂志和书籍，如PLOS等,4- 开放科学相关的学术和行业团体，如COSN等,5- 包含关于开放科学理论和实践的传统书籍和文章,6- 开放科学相关的工具，如Github等",,4- 比较愿意,1- 非常不愿意,3- 中等,"1- 存在语言障碍，导致沟通困难,2- 学术文化和研究习惯的差异",,"1- 学校图书馆所购买的文献资源,2- 谷歌学术、web of science等免费索引引擎,3- 知网、万方以及维普等专业付费的学术数据库（学校未购买，需个人付费）,4- SCI-HUB",,81,80,80,80,80,80,81,79,79,80,否（从没做过）,否（从没做过）,是（曾做过）,是（曾做过）,否（从没做过）,否（从没做过）,是（曾做过）,是（曾做过）,否（从没做过）,是（曾做过）,20,52,51,51,52,10,53,53,53,1,可以接受,或许可以接受,或许可以接受,或许可以接受,或许可以接受,或许可以接受,或许可以接受,或许可以接受,不可以接受,不可以接受,5- 重要性非常高,是（需要抽取人类被试作为样本）,1- 样本代表性非常低,95,男,,31,硕士在读/毕业,,,,,,,文学（包括中外语言文学、新闻传播学等）,2017年,10,,
2024-02-14 00:55:31,2024-02-14 01:09:30,IP Address,117.136.50.70,100,838,True,2024-02-14 01:09:31,R_44IP6zaempVdkxM,,,,,34.3287,109.0337,anonymous,ZH-S,好的，我已知情,好的，我已知情,"1- 预注册（Study Preregistration）
（例如，在数据收集之前将研究设计、假设和分析计划等提交到特定的预注册平台）,2- 注册报告（Registered Reports）
（一种新的文章类型，期刊分两阶段进行审稿，第一阶段针对研究方案审稿并决定是否原则上接收，第二阶段针对最终结果审稿，主要考虑是否按照原计划进行）
,3- 重复性研究（Replication Studies）
（对先前发表的研究进行重复、验证的研究）
,4- 开放数据（Open Data）
（将研究数据在受认可的平台上发布，可以完全公开、部分公开或者受限访问）
,5- 开放代码（Open Code）
（将研究中使用的代码，如统计分析代码，在受认可的平台上公开发布）
,6- 预印本（Preprints）
（无论投稿与否，在完成文章的写作后，将研究论文公开发布到受认可的预出版平台，如arXiv、bioRxiv）
,7- 开放获取（Open Access Publication）
（将经过同行评审的论文或其他出版物开放，任何人均可免费阅读和下载全文）
,8- 开放式的同行评审（Open Peer Review）
（公开审稿人的审稿意见，通常还包括发布其余的同行评审资料，即作者的回复和编辑的建议）",2- 比较反对,4- 比较认同,5- 非常认同,5- 非常认同,5- 非常认同,5- 非常认同,5- 非常认同,5- 非常认同,2- 没有做过,2- 没有做过,2- 没有做过,"1- 我做过（包括身为主要作者做过或参与过相关项目）
","1- 我做过（包括身为主要作者做过或参与过相关项目）
",2- 没有做过,"1- 我做过（包括身为主要作者做过或参与过相关项目）
",3- 我的研究领域不涉及这方面,2- 概率较低,2- 概率较低,3- 中等,4- 概率较高,5- 概率非常高,4- 概率较高,5- 概率非常高,2- 概率较低,"1- 重复他人研究需要原始数据或代码，但有时数据和代码可能不公开或者数据存储不规范，难以获取,3- 没有充足的时间，我想在有限的时间内为推进新的理论做出贡献，而不是重复过去的研究,4- 有些研究问题非常复杂，需要很多领域的专业知识和技能，使得进行重复性研究变得更加困难,7- 有些原作者很反感别人来重复自己的研究,9- 研究机构和出版商没有充分的奖励机制来鼓励重复性研究，从而使得进行重复性研究的人缺乏动力,10- 科研基金资助方对重复性研究的资助很少",,"2- 缺少能长期稳定存储数据的方案，短期的存储需要经常维护，不方便,5- 数据规模过大，上传存储不方便,8- 他人不正确或不恰当地使用我的数据，导致得到错误或带有误导性的结果,10- 共享敏感数据会导致私密性降低，无法匿名化会带来一些相关问题,13- 收益太小，我不知道开放数据能给我带来怎样的收益，或者这些收益不值得我付出时间",,"2- 缺少能长期稳定存储代码的方案，短期的存储需要经常维护，不方便,4- 需要手动操作的流程过于繁琐,8- 我对我自己的代码有专有权，共享代码会侵犯我的权利,12- 收益太小，我不知道公开代码能给我带来怎样的收益，或者这些收益不值得我付出时间",,我所在的学科领域不涉及开放同行评议,,"2- 采用注册报告的期刊数量太少，同时现有的注册报告期刊覆盖学科范围不够广泛,3- 与传统出版模式相比，注册报告的发表时长太长,4- 注册报告需要我在研究开始之前就提交研究计划，会限制灵活性,5- 我担心如果因为各种原因导致我没有按照注册报告中所写的那样去做，会影响我的职业发展，这让我颇有压力,8- 撰写注册报告没有足够的奖励，并且会花费我额外的时间",,"3- 未经同行评审的预印本文章可信度较低，容易出现错误结论影响公众认知和信任,4- 预印本的开放性可能导致一些学术不端的行为，例如数据造假、抄袭等,5- 预印本平台权威性不如传统期刊，发表对我的职业生涯没有明显的积极影响,6- 担心他人看到我的预印本而抢发文章,9- 将研究成果发布在预印本上会影响我的学术声誉和职业发展，因为预印本通常不被计入影响因子等学术评价指标,10- 缺乏足够的奖励，不足以让我改变习惯",,"1- 有关开放科学的学术会议和讲座等,2- 社交媒体和博客，如Twitter、微信公众号等,3- 开放获取的学术杂志和书籍，如PLOS等,4- 开放科学相关的学术和行业团体，如COSN等,5- 包含关于开放科学理论和实践的传统书籍和文章,6- 开放科学相关的工具，如Github等,7- 导师、同学或学校/学院的宣传",,5- 非常愿意,5-非常愿意,3- 中等,"1- 存在语言障碍，导致沟通困难,2- 学术文化和研究习惯的差异,3- 国际数据共享的法律限制与隐私保护问题,5- 国际合作政策或行政限制的挑战,9- 科研评价和激励机制存在国际差异,10- 政治和经济因素对合作的潜在影响",,"1- 学校图书馆所购买的文献资源,2- 谷歌学术、web of science等免费索引引擎,3- 知网、万方以及维普等专业付费的学术数据库（学校未购买，需个人付费）,4- SCI-HUB,6- ChinaXiv、arXiv以及bioRxiv等预印本平台,9- 找朋友帮助或微信等社区求助",,69,70,99,94,86,63,44,64,31,26,否（从没做过）,是（曾做过）,是（曾做过）,否（从没做过）,否（从没做过）,是（曾做过）,是（曾做过）,否（从没做过）,是（曾做过）,否（从没做过）,52,61,80,62,68,65,61,60,61,63,或许可以接受,或许可以接受,或许可以接受,不可以接受,或许可以接受,或许可以接受,或许可以接受,不可以接受,可以接受,不可以接受,5- 重要性非常高,否（不需要抽取人类被试）,,,男,,33,讲师,,,,,,,管理学（包括工商管理、公共管理等）,2017年,41,,
2024-02-14 01:04:46,2024-02-14 01:17:07,IP Address,43.245.222.122,100,741,True,2024-02-14 01:17:08,R_4jGMKfnk3ZWG2Jz,,,,,22.2842,114.1759,anonymous,ZH-S,好的，我已知情,好的，我已知情,"1- 预注册（Study Preregistration）
（例如，在数据收集之前将研究设计、假设和分析计划等提交到特定的预注册平台）,2- 注册报告（Registered Reports）
（一种新的文章类型，期刊分两阶段进行审稿，第一阶段针对研究方案审稿并决定是否原则上接收，第二阶段针对最终结果审稿，主要考虑是否按照原计划进行）
,3- 重复性研究（Replication Studies）
（对先前发表的研究进行重复、验证的研究）
,4- 开放数据（Open Data）
（将研究数据在受认可的平台上发布，可以完全公开、部分公开或者受限访问）
,6- 预印本（Preprints）
（无论投稿与否，在完成文章的写作后，将研究论文公开发布到受认可的预出版平台，如arXiv、bioRxiv）
,7- 开放获取（Open Access Publication）
（将经过同行评审的论文或其他出版物开放，任何人均可免费阅读和下载全文）
,8- 开放式的同行评审（Open Peer Review）
（公开审稿人的审稿意见，通常还包括发布其余的同行评审资料，即作者的回复和编辑的建议）",5- 非常认同,5- 非常认同,4- 比较认同,4- 比较认同,,3- 中立,5- 非常认同,3- 中立,"1- 我做过（包括身为主要作者做过或参与过相关项目）
","1- 我做过（包括身为主要作者做过或参与过相关项目）
","1- 我做过（包括身为主要作者做过或参与过相关项目）
","1- 我做过（包括身为主要作者做过或参与过相关项目）
",,"1- 我做过（包括身为主要作者做过或参与过相关项目）
","1- 我做过（包括身为主要作者做过或参与过相关项目）
",2- 没有做过,5- 概率非常高,5- 概率非常高,4- 概率较高,5- 概率非常高,,5- 概率非常高,5- 概率非常高,2- 概率较低,"3- 没有充足的时间，我想在有限的时间内为推进新的理论做出贡献，而不是重复过去的研究,4- 有些研究问题非常复杂，需要很多领域的专业知识和技能，使得进行重复性研究变得更加困难,7- 有些原作者很反感别人来重复自己的研究,9- 研究机构和出版商没有充分的奖励机制来鼓励重复性研究，从而使得进行重复性研究的人缺乏动力,10- 科研基金资助方对重复性研究的资助很少",,"4- 需要手动操作的流程过于繁琐,5- 数据规模过大，上传存储不方便,9- 我对我自己的数据有专有权，共享数据会侵犯我的权利",,,,13- 我经常投稿的期刊不支持开放同行评审,,3- 与传统出版模式相比，注册报告的发表时长太长,,"4- 预印本的开放性可能导致一些学术不端的行为，例如数据造假、抄袭等,5- 预印本平台权威性不如传统期刊，发表对我的职业生涯没有明显的积极影响",,"1- 有关开放科学的学术会议和讲座等,7- 导师、同学或学校/学院的宣传",,5- 非常愿意,1- 非常不愿意,3- 中等,"4- 研究资金和资源的不足,8- 时区差异带来的协作挑战,10- 政治和经济因素对合作的潜在影响",,"1- 学校图书馆所购买的文献资源,2- 谷歌学术、web of science等免费索引引擎,6- ChinaXiv、arXiv以及bioRxiv等预印本平台,8- 向作者写邮件索要",,7,18,13,48,19,29,5,23,8,5,否（从没做过）,否（从没做过）,否（从没做过）,否（从没做过）,否（从没做过）,否（从没做过）,否（从没做过）,否（从没做过）,否（从没做过）,否（从没做过）,49,16,35,32,17,24,7,8,7,3,不可以接受,不可以接受,不可以接受,不可以接受,不可以接受,不可以接受,不可以接受,不可以接受,不可以接受,不可以接受,5- 重要性非常高,是（需要抽取人类被试作为样本）,3- 中等,75,男,,29,博士在读/毕业,,,,,,,心理学（心理学直接选择此项）,2019年,48,,
2024-02-14 01:40:48,2024-02-14 01:52:41,IP Address,112.111.55.206,100,712,True,2024-02-14 01:52:41,R_4MrrOqSMt5NcXze,,,,,26.0492,119.2906,anonymous,ZH-S,好的，我已知情,好的，我已知情,"1- 预注册（Study Preregistration）
（例如，在数据收集之前将研究设计、假设和分析计划等提交到特定的预注册平台）,2- 注册报告（Registered Reports）
（一种新的文章类型，期刊分两阶段进行审稿，第一阶段针对研究方案审稿并决定是否原则上接收，第二阶段针对最终结果审稿，主要考虑是否按照原计划进行）
,3- 重复性研究（Replication Studies）
（对先前发表的研究进行重复、验证的研究）
,4- 开放数据（Open Data）
（将研究数据在受认可的平台上发布，可以完全公开、部分公开或者受限访问）
,5- 开放代码（Open Code）
（将研究中使用的代码，如统计分析代码，在受认可的平台上公开发布）
,6- 预印本（Preprints）
（无论投稿与否，在完成文章的写作后，将研究论文公开发布到受认可的预出版平台，如arXiv、bioRxiv）
,7- 开放获取（Open Access Publication）
（将经过同行评审的论文或其他出版物开放，任何人均可免费阅读和下载全文）
",4- 比较认同,4- 比较认同,5- 非常认同,5- 非常认同,4- 比较认同,4- 比较认同,5- 非常认同,,"1- 我做过（包括身为主要作者做过或参与过相关项目）
","1- 我做过（包括身为主要作者做过或参与过相关项目）
","1- 我做过（包括身为主要作者做过或参与过相关项目）
","1- 我做过（包括身为主要作者做过或参与过相关项目）
","1- 我做过（包括身为主要作者做过或参与过相关项目）
",2- 没有做过,"1- 我做过（包括身为主要作者做过或参与过相关项目）
",,4- 概率较高,3- 中等,5- 概率非常高,4- 概率较高,4- 概率较高,3- 中等,4- 概率较高,,"1- 重复他人研究需要原始数据或代码，但有时数据和代码可能不公开或者数据存储不规范，难以获取,2- 原始的研究方法没有公开,4- 有些研究问题非常复杂，需要很多领域的专业知识和技能，使得进行重复性研究变得更加困难,7- 有些原作者很反感别人来重复自己的研究",,没有任何因素会影响我公开数据的积极性,,没有任何因素会影响我公开代码的积极型,,,,4- 注册报告需要我在研究开始之前就提交研究计划，会限制灵活性,,6- 担心他人看到我的预印本而抢发文章,,"1- 有关开放科学的学术会议和讲座等,3- 开放获取的学术杂志和书籍，如PLOS等,7- 导师、同学或学校/学院的宣传",,5- 非常愿意,1- 非常不愿意,3- 中等,10- 政治和经济因素对合作的潜在影响,,"1- 学校图书馆所购买的文献资源,2- 谷歌学术、web of science等免费索引引擎,4- SCI-HUB,8- 向作者写邮件索要",,77,100,27,86,11,,61,100,,,否（从没做过）,是（曾做过）,否（从没做过）,否（从没做过）,否（从没做过）,否（从没做过）,否（从没做过）,否（从没做过）,否（从没做过）,否（从没做过）,4,5,1,1,1,1,1,6,1,1,不可以接受,可以接受,不可以接受,或许可以接受,不可以接受,或许可以接受,不可以接受,或许可以接受,不可以接受,不可以接受,4- 重要性较高,是（需要抽取人类被试作为样本）,3- 中等,100,女,,30,教授,,,,,,,心理学（心理学直接选择此项）,2017年,66,,
2024-02-14 05:27:50,2024-02-14 05:38:25,IP Address,73.49.186.18,100,634,True,2024-02-14 05:38:26,R_6L8mDGYIDLqNHsl,,,,,26.099,-80.1822,anonymous,ZH-S,好的，我已知情,好的，我已知情,"1- 预注册（Study Preregistration）
（例如，在数据收集之前将研究设计、假设和分析计划等提交到特定的预注册平台）,3- 重复性研究（Replication Studies）
（对先前发表的研究进行重复、验证的研究）
,4- 开放数据（Open Data）
（将研究数据在受认可的平台上发布，可以完全公开、部分公开或者受限访问）
,5- 开放代码（Open Code）
（将研究中使用的代码，如统计分析代码，在受认可的平台上公开发布）
,6- 预印本（Preprints）
（无论投稿与否，在完成文章的写作后，将研究论文公开发布到受认可的预出版平台，如arXiv、bioRxiv）
,7- 开放获取（Open Access Publication）
（将经过同行评审的论文或其他出版物开放，任何人均可免费阅读和下载全文）
,8- 开放式的同行评审（Open Peer Review）
（公开审稿人的审稿意见，通常还包括发布其余的同行评审资料，即作者的回复和编辑的建议）",4- 比较认同,,4- 比较认同,5- 非常认同,5- 非常认同,4- 比较认同,5- 非常认同,5- 非常认同,2- 没有做过,,"1- 我做过（包括身为主要作者做过或参与过相关项目）
",2- 没有做过,"1- 我做过（包括身为主要作者做过或参与过相关项目）
","1- 我做过（包括身为主要作者做过或参与过相关项目）
","1- 我做过（包括身为主要作者做过或参与过相关项目）
","1- 我做过（包括身为主要作者做过或参与过相关项目）
",2- 概率较低,,2- 概率较低,5- 概率非常高,5- 概率非常高,5- 概率非常高,5- 概率非常高,5- 概率非常高,"3- 没有充足的时间，我想在有限的时间内为推进新的理论做出贡献，而不是重复过去的研究,10- 科研基金资助方对重复性研究的资助很少",,2- 缺少能长期稳定存储数据的方案，短期的存储需要经常维护，不方便,,没有任何因素会影响我公开代码的积极型,,没有任何因素会影响我的积极性,,,,没有任何因素会影响我的积极性,,"2- 社交媒体和博客，如Twitter、微信公众号等,3- 开放获取的学术杂志和书籍，如PLOS等,6- 开放科学相关的工具，如Github等",,4- 比较愿意,1- 非常不愿意,2- 比较困难,"2- 学术文化和研究习惯的差异,3- 国际数据共享的法律限制与隐私保护问题,4- 研究资金和资源的不足,5- 国际合作政策或行政限制的挑战,9- 科研评价和激励机制存在国际差异,10- 政治和经济因素对合作的潜在影响",,"2- 谷歌学术、web of science等免费索引引擎,6- ChinaXiv、arXiv以及bioRxiv等预印本平台",,72,70,78,86,52,84,61,73,71,34,是（曾做过）,否（从没做过）,否（从没做过）,是（曾做过）,否（从没做过）,是（曾做过）,是（曾做过）,否（从没做过）,否（从没做过）,否（从没做过）,66,67,30,71,26,66,24,50,34,0,或许可以接受,或许可以接受,不可以接受,或许可以接受,不可以接受,或许可以接受,不可以接受,或许可以接受,不可以接受,不可以接受,5- 重要性非常高,是（需要抽取人类被试作为样本）,3- 中等,68,男,,38,讲师,,,,,,,心理学（心理学直接选择此项）,2015年,58,,mingbo.cai@gmail.com
2024-02-13 19:43:09,2024-02-13 19:43:19,IP Address,115.53.60.58,8,9,False,2024-02-20 19:43:25,R_4xh6EIHvm6Touxr,,,,,,,anonymous,ZH-S,好的，我已知情,好的，我已知情,,,,,,,,,,,,,,,,,,,,,,,,,,,,,,,,,,,,,,,,,,,,,,,,,,,,,,,,,,,,,,,,,,,,,,,,,,,,,,,,,,,,,,,,,,,,,,,,,,,,,,,,,
2024-02-13 21:27:24,2024-02-13 21:27:29,IP Address,111.205.232.21,3,4,False,2024-02-20 21:27:31,R_4IzaIG95y3RBTth,,,,,,,anonymous,ZH-S,,,,,,,,,,,,,,,,,,,,,,,,,,,,,,,,,,,,,,,,,,,,,,,,,,,,,,,,,,,,,,,,,,,,,,,,,,,,,,,,,,,,,,,,,,,,,,,,,,,,,,,,,,,
2024-02-13 21:55:47,2024-02-13 22:18:19,IP Address,117.147.116.50,55,1352,False,2024-02-20 22:18:20,R_4hr8Qmb6j99GOo9,,,,,,,anonymous,ZH-S,好的，我已知情,好的，我已知情,"1- 预注册（Study Preregistration）
（例如，在数据收集之前将研究设计、假设和分析计划等提交到特定的预注册平台）,3- 重复性研究（Replication Studies）
（对先前发表的研究进行重复、验证的研究）
,4- 开放数据（Open Data）
（将研究数据在受认可的平台上发布，可以完全公开、部分公开或者受限访问）
,5- 开放代码（Open Code）
（将研究中使用的代码，如统计分析代码，在受认可的平台上公开发布）
,6- 预印本（Preprints）
（无论投稿与否，在完成文章的写作后，将研究论文公开发布到受认可的预出版平台，如arXiv、bioRxiv）
,7- 开放获取（Open Access Publication）
（将经过同行评审的论文或其他出版物开放，任何人均可免费阅读和下载全文）
",3- 中立,,5- 非常认同,5- 非常认同,5- 非常认同,5- 非常认同,5- 非常认同,,2- 没有做过,,2- 没有做过,2- 没有做过,"1- 我做过（包括身为主要作者做过或参与过相关项目）
","1- 我做过（包括身为主要作者做过或参与过相关项目）
",2- 没有做过,,3- 中等,,3- 中等,3- 中等,5- 概率非常高,5- 概率非常高,3- 中等,,"1- 重复他人研究需要原始数据或代码，但有时数据和代码可能不公开或者数据存储不规范，难以获取,2- 原始的研究方法没有公开,3- 没有充足的时间，我想在有限的时间内为推进新的理论做出贡献，而不是重复过去的研究,8- 期刊或同行更青睐有新颖成果或阳性的研究，重复性研究不好发表,9- 研究机构和出版商没有充分的奖励机制来鼓励重复性研究，从而使得进行重复性研究的人缺乏动力,10- 科研基金资助方对重复性研究的资助很少",,"2- 缺少能长期稳定存储数据的方案，短期的存储需要经常维护，不方便,3- 没有足够的时间，公开数据会占用我额外的时间,4- 需要手动操作的流程过于繁琐,5- 数据规模过大，上传存储不方便,8- 他人不正确或不恰当地使用我的数据，导致得到错误或带有误导性的结果,10- 共享敏感数据会导致私密性降低，无法匿名化会带来一些相关问题",,7- 他人不正确或不恰当地使用我的代码，导致得到错误或带有误导性的结果,,,,,,"2- 合作期刊少，不利于预印本文章后续在学术期刊的发表,3- 未经同行评审的预印本文章可信度较低，容易出现错误结论影响公众认知和信任,4- 预印本的开放性可能导致一些学术不端的行为，例如数据造假、抄袭等,5- 预印本平台权威性不如传统期刊，发表对我的职业生涯没有明显的积极影响,6- 担心他人看到我的预印本而抢发文章",,"1- 有关开放科学的学术会议和讲座等,6- 开放科学相关的工具，如Github等",,3- 中立,1- 非常不愿意,2- 比较困难,"2- 学术文化和研究习惯的差异,3- 国际数据共享的法律限制与隐私保护问题,7- 研究领域专业化与技术壁垒,8- 时区差异带来的协作挑战",,"1- 学校图书馆所购买的文献资源,2- 谷歌学术、web of science等免费索引引擎,4- SCI-HUB,6- ChinaXiv、arXiv以及bioRxiv等预印本平台,8- 向作者写邮件索要,9- 找朋友帮助或微信等社区求助",,62,72,75,69,4,78,81,53,58,3,否（从没做过）,是（曾做过）,否（从没做过）,是（曾做过）,否（从没做过）,是（曾做过）,否（从没做过）,是（曾做过）,是（曾做过）,否（从没做过）,,,,,,,,,,,,,,,,,,,,,,,,,,,,,,,,,,,,,,,
2024-02-13 22:45:38,2024-02-13 22:45:49,IP Address,117.136.63.97,3,10,False,2024-02-20 22:45:52,R_4ltQ8m5vwXGThib,,,,,,,anonymous,ZH-S,,,,,,,,,,,,,,,,,,,,,,,,,,,,,,,,,,,,,,,,,,,,,,,,,,,,,,,,,,,,,,,,,,,,,,,,,,,,,,,,,,,,,,,,,,,,,,,,,,,,,,,,,,,
2024-02-13 23:44:10,2024-02-13 23:46:06,IP Address,222.178.202.64,18,116,False,2024-02-20 23:46:07,R_30jbkfbAWjrReBH,,,,,,,anonymous,ZH-S,好的，我已知情,好的，我已知情,"1- 预注册（Study Preregistration）
（例如，在数据收集之前将研究设计、假设和分析计划等提交到特定的预注册平台）,4- 开放数据（Open Data）
（将研究数据在受认可的平台上发布，可以完全公开、部分公开或者受限访问）
,5- 开放代码（Open Code）
（将研究中使用的代码，如统计分析代码，在受认可的平台上公开发布）
,6- 预印本（Preprints）
（无论投稿与否，在完成文章的写作后，将研究论文公开发布到受认可的预出版平台，如arXiv、bioRxiv）
,7- 开放获取（Open Access Publication）
（将经过同行评审的论文或其他出版物开放，任何人均可免费阅读和下载全文）
,8- 开放式的同行评审（Open Peer Review）
（公开审稿人的审稿意见，通常还包括发布其余的同行评审资料，即作者的回复和编辑的建议）",3- 中立,,,5- 非常认同,5- 非常认同,3- 中立,5- 非常认同,4- 比较认同,2- 没有做过,,,"1- 我做过（包括身为主要作者做过或参与过相关项目）
",2- 没有做过,2- 没有做过,2- 没有做过,2- 没有做过,2- 概率较低,,,4- 概率较高,4- 概率较高,3- 中等,5- 概率非常高,3- 中等,,,,,,,,,,,,,,,,,,,,,,,,,,,,,,,,,,,,,,,,,,,,,,,,,,,,,,,,,,,,,,,,,,,,,,,,,,,,,,,,
2024-02-14 02:12:35,2024-02-14 02:14:19,IP Address,81.201.156.93,16,103,False,2024-02-21 02:14:27,R_8wIH2EN6pJXTcvT,,,,,,,anonymous,ZH-S,好的，我已知情,好的，我已知情,"1- 预注册（Study Preregistration）
（例如，在数据收集之前将研究设计、假设和分析计划等提交到特定的预注册平台）,2- 注册报告（Registered Reports）
（一种新的文章类型，期刊分两阶段进行审稿，第一阶段针对研究方案审稿并决定是否原则上接收，第二阶段针对最终结果审稿，主要考虑是否按照原计划进行）
,3- 重复性研究（Replication Studies）
（对先前发表的研究进行重复、验证的研究）
,4- 开放数据（Open Data）
（将研究数据在受认可的平台上发布，可以完全公开、部分公开或者受限访问）
,5- 开放代码（Open Code）
（将研究中使用的代码，如统计分析代码，在受认可的平台上公开发布）
,6- 预印本（Preprints）
（无论投稿与否，在完成文章的写作后，将研究论文公开发布到受认可的预出版平台，如arXiv、bioRxiv）
,7- 开放获取（Open Access Publication）
（将经过同行评审的论文或其他出版物开放，任何人均可免费阅读和下载全文）
",4- 比较认同,4- 比较认同,4- 比较认同,4- 比较认同,4- 比较认同,4- 比较认同,5- 非常认同,,2- 没有做过,2- 没有做过,2- 没有做过,2- 没有做过,2- 没有做过,2- 没有做过,2- 没有做过,,,,,,,,,,,,,,,,,,,,,,,,,,,,,,,,,,,,,,,,,,,,,,,,,,,,,,,,,,,,,,,,,,,,,,,,,,,,,,,,,,,,,,,,,
2024-02-14 03:58:13,2024-02-14 04:01:06,IP Address,106.224.218.241,34,172,False,2024-02-21 04:01:10,R_3OHQQhzIjsMOe6l,,,,,,,anonymous,ZH-S,好的，我已知情,好的，我已知情,"1- 预注册（Study Preregistration）
（例如，在数据收集之前将研究设计、假设和分析计划等提交到特定的预注册平台）,2- 注册报告（Registered Reports）
（一种新的文章类型，期刊分两阶段进行审稿，第一阶段针对研究方案审稿并决定是否原则上接收，第二阶段针对最终结果审稿，主要考虑是否按照原计划进行）
,3- 重复性研究（Replication Studies）
（对先前发表的研究进行重复、验证的研究）
,4- 开放数据（Open Data）
（将研究数据在受认可的平台上发布，可以完全公开、部分公开或者受限访问）
,5- 开放代码（Open Code）
（将研究中使用的代码，如统计分析代码，在受认可的平台上公开发布）
,6- 预印本（Preprints）
（无论投稿与否，在完成文章的写作后，将研究论文公开发布到受认可的预出版平台，如arXiv、bioRxiv）
,7- 开放获取（Open Access Publication）
（将经过同行评审的论文或其他出版物开放，任何人均可免费阅读和下载全文）
,8- 开放式的同行评审（Open Peer Review）
（公开审稿人的审稿意见，通常还包括发布其余的同行评审资料，即作者的回复和编辑的建议）",5- 非常认同,5- 非常认同,5- 非常认同,5- 非常认同,5- 非常认同,5- 非常认同,5- 非常认同,5- 非常认同,2- 没有做过,2- 没有做过,2- 没有做过,2- 没有做过,2- 没有做过,2- 没有做过,2- 没有做过,2- 没有做过,3- 中等,3- 中等,3- 中等,3- 中等,3- 中等,3- 中等,3- 中等,3- 中等,"1- 重复他人研究需要原始数据或代码，但有时数据和代码可能不公开或者数据存储不规范，难以获取,2- 原始的研究方法没有公开,3- 没有充足的时间，我想在有限的时间内为推进新的理论做出贡献，而不是重复过去的研究,4- 有些研究问题非常复杂，需要很多领域的专业知识和技能，使得进行重复性研究变得更加困难",,"1- 不知道该如何分享我的数据，不清楚流程或分享数据的平台和机构,2- 缺少能长期稳定存储数据的方案，短期的存储需要经常维护，不方便",,"1- 不知道该如何分享我的代码，不清楚流程或分享数据的平台和机构,2- 缺少能长期稳定存储代码的方案，短期的存储需要经常维护，不方便",,"1- 开放同行评审活动的模式众多，但却没有足够标准的量化方式确定哪一种模式最佳,2- 开放同行评审可能会有大量的评论和反馈，导致评审过程变得太漫长,3- 开放同行评审可能会引入更多的非专业人士进行评论，这可能会导致评审人的学术水平参差不齐，从而降低审稿的质量和准确性",,"1- 没有渠道了解注册报告这种形式，也不了解哪些期刊接受注册报告,2- 采用注册报告的期刊数量太少，同时现有的注册报告期刊覆盖学科范围不够广泛",,"1- 没有渠道去了解预印本平台或不了解发布预印本的流程,2- 合作期刊少，不利于预印本文章后续在学术期刊的发表",,,,,,,,,,,,,,,,,,,,,,,,,,,,,,,,,,,,,,,,,,,,,,,,,,,,,,,,,,,,,,,,,,,,,
2024-02-14 23:05:22,2024-02-14 23:06:00,IP Address,125.32.72.105,11,38,False,2024-02-21 23:06:05,R_4Mfi84UjsDXi71l,,,,,,,anonymous,ZH-S,好的，我已知情,好的，我已知情,"1- 预注册（Study Preregistration）
（例如，在数据收集之前将研究设计、假设和分析计划等提交到特定的预注册平台）,2- 注册报告（Registered Reports）
（一种新的文章类型，期刊分两阶段进行审稿，第一阶段针对研究方案审稿并决定是否原则上接收，第二阶段针对最终结果审稿，主要考虑是否按照原计划进行）
,3- 重复性研究（Replication Studies）
（对先前发表的研究进行重复、验证的研究）
,4- 开放数据（Open Data）
（将研究数据在受认可的平台上发布，可以完全公开、部分公开或者受限访问）
,6- 预印本（Preprints）
（无论投稿与否，在完成文章的写作后，将研究论文公开发布到受认可的预出版平台，如arXiv、bioRxiv）
,8- 开放式的同行评审（Open Peer Review）
（公开审稿人的审稿意见，通常还包括发布其余的同行评审资料，即作者的回复和编辑的建议）",,,,,,,,,,,,,,,,,,,,,,,,,,,,,,,,,,,,,,,,,,,,,,,,,,,,,,,,,,,,,,,,,,,,,,,,,,,,,,,,,,,,,,,,,,,,,,,,,,,,,,,,
2024-02-19 19:14:29,2024-02-19 19:15:04,IP Address,223.104.212.101,3,34,False,2024-02-26 19:15:05,R_4iLj8suao5lfTLb,,,,,,,anonymous,ZH-S,,,,,,,,,,,,,,,,,,,,,,,,,,,,,,,,,,,,,,,,,,,,,,,,,,,,,,,,,,,,,,,,,,,,,,,,,,,,,,,,,,,,,,,,,,,,,,,,,,,,,,,,,,,
